実績明細オブジェクト一覧へ戻る,,,,,,,,,,,,,,,,,,,,,,,,,,
オブジェクト一覧へ戻る,,,,,,,,,,,,,,,,,,,,,,,,,,
,,,,,,,,,,,,,,,,,,,,,,,,,,
,プロジェクト名,,次期基幹システム構築プロジェクト,作成,2023/04/26,AB張,,,,,,,,,,,,,,,,,,,,
,文書名,,オブジェクト・項目定義書,最終更新,2023/12/19,AB田澤,,,,,,,,,,,,,,,,,,,,
,,,,,,,,,,,,,,,,,,,,,,,,,,
,オブジェクト情報,,,,,,,,,,,,,,,,,,,,,,,,,
,＃,表示ラベル,API参照名,レポートで使用する,活動の追跡,項目履歴管理,,,,,,,,,,,,,,,,,,,,
,17,個別契約,IndividualContract__c,〇,〇,〇,,,,,,,,,,,,,,,,,,,,
,,,,,,,,,,,,,,,,,,,,,,,,,,
,,,,,,,,,,,,,,,,,,,,,,,,,,
,項目一覧,,,,,,,,,,,,,,,,,,,,,,,,,
,NO,表示ラベル,API参照名,データ型,選択リスト値,デフォルト値,必須対象,ユニーク,大文字と小文字を区別する,外部ID,"履歴管理
対象","Heroku
同期対象",実績明細との関連,確認／コメント,,"CSVからの
取込み対象",コメント,,,,,,,,,
,1,ID,Id,Id,-,-,〇,〇,-,-,-,-,,,,-,,,,,,,,,,
,2,ステータス,Status__c,選択リスト,ドラフト;リーガルチェック中;リーガルチェック済;締結承認申請中;締結承認済;締結済;無効,ドラフト,-,-,-,-,-,-,,,,-,,,,,,,,,,
,3,レコードタイプ,RecordTypeId,レコードタイプ,-,-,-,-,-,-,〇,-,,派遣_承認前、派遣_承認済、派遣_締結済、受託_承認前、受託_承認済、受託_締結済,,-,,,,,,,,,,
,4,受注伝票,SalesOrder__c,参照関係(受注伝票),-,-,-,-,-,-,-,-,◯,,,-,,,,,,,,,,
,5,受注種別,SalesOrderType__c,数式 (テキスト),-,-,-,-,-,-,-,-,,,,-,,,,,,,,,,
,6,代表者連絡会,RepresentativeMeeting__c,選択リスト,グローバル選択リスト#27,-,-,-,-,-,-,-,,帳票使用項目,,-,,,,,,,,,,
,7,作成者,CreatedById,参照関係(ユーザー),-,-,〇,-,-,-,-,-,,,,-,,,,,,,,,,
,8,個別契約書No.,Name,自動採番,-,-,〇,-,-,-,-,-,,"自動採番方式
：INDIVI-{000000000}",,-,,,,,,,,,,
,9,入門証,EntrancePermit__c,選択リスト,グローバル選択リスト#27,-,-,-,-,-,-,-,,帳票使用項目,,〇,,,,,,,,,,
,10,初日の行動,FirstDateAction__c,テキスト(50),-,-,-,-,-,-,-,-,,帳票使用項目,,〇,,,,,,,,,,
,11,労務懇談会,DiscussionForLabor__c,選択リスト,グローバル選択リスト#27,-,-,-,-,-,-,-,,帳票使用項目,,-,,,,,,,,,,
,12,営業拠点,SalesOffice__c,数式 (テキスト),グローバル選択リスト#5,-,-,-,-,-,-,-,,,,-,,,,,,,,,,
,13,契約書様式,ContractFormat__c,選択リスト,グローバル選択値#16,-,-,-,-,-,〇,-,,※「ステータス」の制御項目,,〇,,,,,,,,,,
,14,契約終了日,ContractEndDate__c,"数式 (日付)
⇒日付",-,-,-,-,-,-,-,-,◯,,,〇,,,,,,,,,,
,15,契約開始日,ContractStartDate__c,"数式 (日付)
⇒日付",-,-,-,-,-,-,-,-,◯,,,〇,,,,,,,,,,
,16,定時退勤日,FixedTimeClockingOutDate__c,テキスト(50),-,-,-,-,-,-,-,-,,帳票使用項目,,〇,,,,,,,,,,
,17,所有者,OwnerId,"参照関係(ユーザー,グループ)",-,-,〇,-,-,-,-,-,,,,-,,,,,,,,,,
,18,既派遣者数,NumberOfDispatchers__c,数値(4、0),-,-,-,-,-,-,-,-,,帳票使用項目,,-,,,,,,,,,,
,19,最寄り駅,ClosestStation__c,テキスト(50),-,-,-,-,-,-,-,-,,帳票使用項目,,〇,,,,,,,,,,
,20,最終更新者,LastModifiedById,参照関係(ユーザー),-,-,〇,-,-,-,-,-,,,,-,,,,,,,,,,
,21,月160h保証,Guarantee160HoursPerMonth__c,選択リスト,グローバル選択リスト#27,-,-,-,-,-,-,-,,帳票使用項目,,〇,,,,,,,,,,
,22,残業取扱い,ExtraWorkHandling__c,テキスト(30),-,-,-,-,-,-,-,-,,帳票使用項目,,〇,,,,,,,,,,
,23,社内システム,OfficeSystem__c,選択リスト,グローバル選択リスト#27,-,-,-,-,-,-,-,,帳票使用項目,,〇,,,,,,,,,,
,24,自動車通勤,CommutingByCar__c,選択リスト,グローバル選択値#14,-,-,-,-,-,-,-,,帳票使用項目,,〇,,,,,,,,,,
,25,駐車場,Parking__c,選択リスト,グローバル選択リスト#27,-,-,-,-,-,-,-,,帳票使用項目,,〇,,,,,,,,,,
,26,作成日,CreatedDate,日付/時間,-,-,〇,-,-,-,-,-,,,,-,,,,,,,,,,
,27,最終更新日,LastModifiedDate,日付/時間,-,-,〇,-,-,-,-,-,,画面表示なし,,-,,,,,,,,,,
,28,バージョン,Version__c,数値(2、1),-,1,-,-,-,-,-,-,,個別契約コピー時にカウントアップする,,-,,,,,,,,,,
,29,有効フラグ,IsActive__c,チェックボックス,-,FALSE　*新規作成時：TRUE,-,-,-,-,-,-,,,,-,,,,,,,,,,
,30,契約解除日,CancellationDate__c,日付,-,-,-,-,-,-,〇,-,,債権回収不良等の理由で契約を途中解約することになった場合に入力する項目,,-,,,,,,,,,,
,31,契約解除理由,ReasonForCancellation__c,ロングテキストエリア(500),-,-,-,-,-,-,-,-,,債権回収不良等の理由で契約を途中解約することになった場合に入力する項目,,-,,,,,,,,,,
,32,"自社 調印者
自社担当者",CompanySignedId__c,参照関係(ユーザー),-,-,-,-,-,-,〇,-,,,,-,,,,,,,,,,
,33,自社 契約日,CompanySignedDate__c,日付,-,-,-,-,-,-,〇,-,,,,-,,,,,,,,,,
,34,"顧客 調印者
顧客担当者",CustomerSignedId__c,参照関係(取引先責任者),-,-,-,-,-,-,〇,-,,,,-,,,,,,,,,,
,35,顧客 調印者 役職,CustomerSignedTitle__c,テキスト(40),-,-,-,-,-,-,-,-,,,,-,,,,,,,,,,
,36,顧客 契約日,CustomerSignedDate__c,日付,-,-,-,-,-,-,〇,-,,,,-,,,,,,,,,,
,37,個別契約番号,SignContractNumber__c,テキスト(255),-,-,〇,-,-,-,-,-,◯,受注伝票のName項目と同じ番号を付与する,,-,,,,,,,,,,
,38,会社名,SignCompanyName__c,テキスト(255),-,-,-,-,-,-,-,-,,"取引先オブジェクトの取引先正式名
(AccountOffcialName__c) を格納する",,-,,,,,,,,,,
,39,"取引先名
得意先名
派遣先会社名",SignAccount__c,テキスト(255),-,-,-,-,-,-,-,-,,,,〇,「お客様企業名称」をマッピング,,,,,,,,,
,40,個別契約締結日,SignContractDate__c,日付,-,-,-,-,-,-,〇,-,,,,-,,,,,,,,,,
,41,業務内容,SignBusinessContent__c,ロングテキストエリア(1000),-,-,-,-,-,-,-,-,,,,〇,,,,,,,,,,
,42,業務に伴う責任の程度,SignDegreeOfResponse__c,テキスト(255),-,-,-,-,-,-,-,-,,,,〇,,,,,,,,,,
,43,就業場所及び組織単位と組織長職名‐組織名,SignOrgHeadOrgName__c,テキスト(255),-,-,-,-,-,-,-,-,,,,-,,,,,,,,,,
,44,就業場所及び組織単位と組織長職名‐組織長氏名,SignOrgHeadOrgHeadName__c,テキスト(255),-,-,-,-,-,-,-,-,,,,-,,,,,,,,,,
,45,就業場所及び組織単位と組織長職名‐組織長役職名,SignOrgHeadOrgHeadTitleName__c,テキスト(255),-,-,-,-,-,-,-,-,,,,-,,,,,,,,,,
,46,就業場所の所在地等‐郵便番号,SignWorkLocationPostalCode__c,テキスト(8),-,-,-,-,-,-,-,-,,,,〇,,,,,,,,,,
,47,就業場所の所在地等‐住所,SignWorkLocationAddress__c,テキスト(255),-,-,-,-,-,-,-,-,,,,〇,,,,,,,,,,
,48,就業場所の所在地等‐TEL,SignWorkLocationTelNum__c,テキスト(80),-,-,-,-,-,-,-,-,,,,〇,,,,,,,,,,
,49,就業に関する指揮命令者1-組織名,SignCom1OrgName__c,テキスト(255),-,-,-,-,-,-,-,-,,,,-,,,,,,,,,,
,50,就業に関する指揮命令者1-役職名,SignCom1CommanderTitleName__c,テキスト(255),-,-,-,-,-,-,-,-,,,,-,,,,,,,,,,
,51,就業に関する指揮命令者1-氏名,SignCom1CommanderName__c,テキスト(255),-,-,-,-,-,-,-,-,,,,-,,,,,,,,,,
,52,就業に関する指揮命令者2-組織名,SignCom2OrgName__c,テキスト(255),-,-,-,-,-,-,-,-,,,,-,,,,,,,,,,
,53,就業に関する指揮命令者2-役職名,SignCom2CommanderTitleName__c,テキスト(255),-,-,-,-,-,-,-,-,,,,-,,,,,,,,,,
,54,就業に関する指揮命令者2-氏名,SignCom2CommanderName__c,テキスト(255),-,-,-,-,-,-,-,-,,,,-,,,,,,,,,,
,55,就業に関する指揮命令者3-組織名,SignCom3OrgName__c,テキスト(255),-,-,-,-,-,-,-,-,,,,-,,,,,,,,,,
,56,就業に関する指揮命令者3-役職名,SignCom3CommanderTitleName__c,テキスト(255),-,-,-,-,-,-,-,-,,,,-,,,,,,,,,,
,57,就業に関する指揮命令者3-氏名,SignCom3CommanderName__c,テキスト(255),-,-,-,-,-,-,-,-,,,,-,,,,,,,,,,
,58,派遣先責任者1‐組織名,SignManager1OrgName__c,テキスト(255),-,-,-,-,-,-,-,-,,,,-,,,,,,,,,,
,59,派遣先責任者1‐役職名,SignManager1ManagerTitleName__c,テキスト(255),-,-,-,-,-,-,-,-,,,,-,,,,,,,,,,
,60,派遣先責任者1‐氏名,SignManager1ManagerName__c,テキスト(255),-,-,-,-,-,-,-,-,,,,-,,,,,,,,,,
,61,派遣先責任者2‐組織名,SignManager2OrgName__c,テキスト(255),-,-,-,-,-,-,-,-,,,,-,,,,,,,,,,
,62,派遣先責任者2‐役職名,SignManager2ManagerTitleName__c,テキスト(255),-,-,-,-,-,-,-,-,,,,-,,,,,,,,,,
,63,派遣先責任者2‐氏名,SignManager2ManagerName__c,テキスト(255),-,-,-,-,-,-,-,-,,,,-,,,,,,,,,,
,64,派遣先責任者3‐組織名,SignManager3OrgName__c,テキスト(255),-,-,-,-,-,-,-,-,,,,-,,,,,,,,,,
,65,派遣先責任者3‐役職名,SignManager3ManagerTitleName__c,テキスト(255),-,-,-,-,-,-,-,-,,,,-,,,,,,,,,,
,66,派遣先責任者3‐氏名,SignManager3ManagerName__c,テキスト(255),-,-,-,-,-,-,-,-,,,,-,,,,,,,,,,
,67,派遣元責任者‐拠点名,SignSourceManagerBaseName__c,テキスト(255),-,-,-,-,-,-,-,-,,,,-,,,,,,,,,,
,68,派遣元責任者‐氏名,SignSourceManagerName__c,テキスト(255),-,-,-,-,-,-,-,-,,,,-,,,,,,,,,,
,69,派遣元責任者‐TEL,SignSourceManagerTelNum__c,テキスト(80),-,-,-,-,-,-,-,-,,,,-,,,,,,,,,,
,70,派遣就業の期間‐開始日,SignStartContractDate__c,"日付
⇒数式 (日付)",-,-,-,-,-,-,-,-,,,,-,,,,,,,,,,
,71,派遣就業の期間‐終了日,SignEndContractDate__c,"日付
⇒数式 (日付)",-,-,-,-,-,-,-,-,,,,-,,,,,,,,,,
,72,苦情処理申出先‐甲‐拠点名,SignSubmit1BaseName__c,テキスト(255),-,-,-,-,-,-,-,-,,,,-,,,,,,,,,,
,73,苦情処理申出先‐甲‐役職名,SignSubmit1SubmitTitleName__c,テキスト(255),-,-,-,-,-,-,-,-,,,,-,,,,,,,,,,
,74,苦情処理申出先‐甲‐氏名,SignSubmit1SubmitName__c,テキスト(255),-,-,-,-,-,-,-,-,,,,-,,,,,,,,,,
,75,苦情処理申出先‐甲‐TEL,SignSubmit1SubmitTelNum__c,テキスト(80),-,-,-,-,-,-,-,-,,,,-,,,,,,,,,,
,76,苦情処理申出先‐乙‐拠点名,SignSubmit2BaseName__c,テキスト(255),-,-,-,-,-,-,-,-,,,,-,,,,,,,,,,
,77,苦情処理申出先‐乙‐役職名,SignSubmit2SubmitTitleName__c,テキスト(255),-,-,-,-,-,-,-,-,,,,-,,,,,,,,,,
,78,苦情処理申出先‐乙‐氏名,SignSubmit2SubmitName__c,テキスト(255),-,-,-,-,-,-,-,-,,,,-,,,,,,,,,,
,79,苦情処理申出先‐乙‐TEL,SignSubmit2SubmitTelNum__c,テキスト(80),-,-,-,-,-,-,-,-,,,,-,,,,,,,,,,
,80,派遣人員,SignEngineersNum__c,数値(18、0),-,-,-,-,-,-,-,-,,,,-,,,,,,,,,,
,81,備考,SignRemarks__c,ロングテキストエリア(1000),-,-,-,-,-,-,-,-,,,,〇,個別契約書用の備考をマッピング,,,,,,,,,
,82,協定対象派遣労働者に限定するか否かの別,SignAgreeDispatchWorker__c,選択リスト,する;しない,-,-,-,-,-,-,-,,,,-,,,,,,,,,,
,83,60歳以上の者に限定するか否かの別,SignOver60Only__c,選択リスト,する;しない,-,-,-,-,-,-,-,,,,〇,,,,,,,,,,
,84,無期雇用派遣労働者に限定するか否かの別,SignIndefiniteDispatchWorker__c,選択リスト,する;しない,-,-,-,-,-,-,-,,,,-,,,,,,,,,,
,85,派遣先責任者1‐TEL,SignManager1ManagerTelNum__c,テキスト(80),-,-,-,-,-,-,-,-,,,,-,,,,,,,,,,
,86,派遣先責任者2‐TEL,SignManager2ManagerTelNum__c,テキスト(80),-,-,-,-,-,-,-,-,,,,-,,,,,,,,,,
,87,派遣先責任者3‐TEL,SignManager3ManagerTelNum__c,テキスト(80),-,-,-,-,-,-,-,-,,,,-,,,,,,,,,,
,88,業務基準技術料印字,SignStandardTechnicalFeeCheck__c,チェックボックス,-,FALSE,-,-,-,-,-,-,,帳票使用項目,,-,,,,,,,,,,
,89,遅刻早退取扱い,LateOrEarlyHandling__c,"テキスト(30)
→数式",-,-,-,-,-,-,-,-,,"帳票使用項目
2025/06/23
「No310の値＋”分単位”」の数式とする。",,-,,,,,,,,,,
,90,路線名,TrainLine__c,テキスト(50),-,-,-,-,-,-,-,-,,帳票使用項目,,-,,,,,,,,,,
,91,派遣元責任者‐役職名,SignSourceManagerTitleName__c,テキスト(255),-,-,-,-,-,-,-,-,,帳票使用項目,,-,,,,,,,,,,
,92,本社所在地‐郵便番号,SignAccountMainOfficePostalCode__c,テキスト(8),-,-,-,-,-,-,-,-,,帳票使用項目,,-,,,,,,,,,,
,93,本社所在地‐住所,SignAccountMainOfficeAddress__c,テキスト(255),-,-,-,-,-,-,-,-,,帳票使用項目,,-,,,,,,,,,,
,94,本社所在地‐TEL,SignAccountMainOfficeTelNum__c,テキスト(80),-,-,-,-,-,-,-,-,,帳票使用項目,,-,,,,,,,,,,
,95,派遣元所在地‐郵便番号,SignSourcetPostalCode__c,テキスト(8),-,-,-,-,-,-,-,-,,帳票使用項目,,-,,,,,,,,,,
,96,派遣元所在地‐住所,SignSourceAddress__c,テキスト(255),-,-,-,-,-,-,-,-,,帳票使用項目,,-,,,,,,,,,,
,97,派遣元所在地‐拠点名,SignSourceBaseName__c,テキスト(255),-,-,-,-,-,-,-,-,,帳票使用項目,,-,,,,,,,,,,
,98,派遣元所在地‐TEL,SignSourceTelNum__c,テキスト(80),-,-,-,-,-,-,-,-,,帳票使用項目,,-,,,,,,,,,,
,99,派遣元所在地‐FAX,SignSourceFaxNum__c,テキスト(80),-,-,-,-,-,-,-,-,,帳票使用項目,,-,,,,,,,,,,
,100,最寄り駅までの所要時間-バス（分）,BusRequiredTime__c,数値(3、0),-,-,-,-,-,-,-,-,,帳票使用項目,,-,,,,,,,,,,
,101,最寄り駅までの所要時間-徒歩（分）,WalkRequiredTime__c,数値(3、0),-,-,-,-,-,-,-,-,,帳票使用項目,,-,,,,,,,,,,
,102,派遣通知書注意書き*1,SignDispatchNoticeWarningText1__c,テキスト(255),-,業務基準技術料は、月額の基準技術料（基準時間：160H）です。,-,-,-,-,-,-,,帳票使用項目,,-,,,,,,,,,,
,103,派遣通知書注意書き*2,SignDispatchNoticeWarningText2__c,テキスト(255),-,業務基準技術料および業務技術料については、毎年4月1日をもって改正するものとします。,-,-,-,-,-,-,,帳票使用項目,,-,,,,,,,,,,
,104,派遣通知書注意書き*3,SignDispatchNoticeWarningText3__c,テキスト(255),-,技術ランクは業務内容による基準ランクです。（詳細はメイテック業務基準による）,-,-,-,-,-,-,,帳票使用項目,,-,,,,,,,,,,
,105,派遣通知書注意書き*4,SignDispatchNoticeWarningText4__c,テキスト(255),-,業務技術料は時間外（45H以下）：25％増、時間外（45H超～60H以下）：25％増、時間外（60H超）：50％増、法定外休日：25％増、法定休日：35％増、深夜勤務については＋25％増とさせていただきます。,-,-,-,-,-,-,,帳票使用項目,,-,,,,,,,,,,
,106,派遣通知書注意書き*5,SignDispatchNoticeWarningText5__c,テキスト(255),-,-,-,-,-,-,-,-,,帳票使用項目,,-,,,,,,,,,,
,107,派遣通知書注意書き*6,SignDispatchNoticeWarningText6__c,テキスト(255),-,-,-,-,-,-,-,-,,帳票使用項目,,-,,,,,,,,,,
,108,派遣通知書注意書き*7,SignDispatchNoticeWarningText7__c,テキスト(255),-,-,-,-,-,-,-,-,,帳票使用項目,,-,,,,,,,,,,
,109,派遣通知書注意書き*8,SignDispatchNoticeWarningText8__c,テキスト(255),-,-,-,-,-,-,-,-,,帳票使用項目,,-,,,,,,,,,,
,110,派遣通知書注意書き*9,SignDispatchNoticeWarningText9__c,テキスト(255),-,-,-,-,-,-,-,-,,帳票使用項目,,-,,,,,,,,,,
,111,派遣通知書注意書き*10,SignDispatchNoticeWarningText10__c,テキスト(255),-,消費税については別途請求させていただきます。,-,-,-,-,-,-,,帳票使用項目,,-,,,,,,,,,,
,112,派遣通知書（備考）　業務技術料 割増表記,SignDispatchNoticeWarning4Check__c,チェックボックス,-,FALSE,-,-,-,-,-,-,,帳票使用項目,,-,,,,,,,,,,
,113,解約通知期限,CancelNotificationPeriod__c,日付,-,-,-,-,-,-,-,-,,帳票使用項目,,-,,,,,,,,,,
,114,取引金額,TradingAmount__c,通貨(18、0),-,-,-,-,-,-,-,-,,帳票使用項目,,-,,,,,,,,,,
,115,顧客担当者,AccountRepresentative__c,参照関係(取引先責任者),-,-,-,-,-,-,-,-,,帳票使用項目,,-,,,,,,,,,,
,116,顧客担当者メールアドレス,ContactMail__c,数式 (テキスト),-,-,-,-,-,-,-,-,,帳票使用項目,,-,,,,,,,,,,
,117,顧客担当者氏名,ContactName__c,数式 (テキスト),-,-,-,-,-,-,-,-,,帳票使用項目,,-,,,,,,,,,,
,118,電子契約-確認依頼メッセージ,ConfirmationOrderMessage__c,テキスト(100),-,個別契約書を送付します。内容のご確認をお願いいたします。,-,-,-,-,-,-,,帳票使用項目,,-,,,,,,,,,,
,119,電子契約-アクセスコード,AccessCode__c,テキスト(18),-,-,-,-,-,-,-,-,,帳票使用項目,,-,,,,,,,,,,
,120,個別契約書のファイルID,IndiContractFileId__c,テキスト(255),-,-,-,-,-,-,-,-,,帳票使用項目,,-,,,,,,,,,,
,121,インスタンスURL,InstanceURL__c,数式 (テキスト),-,-,-,-,-,-,-,-,,"帳票使用項目
画面表示なし",,-,,,,,,,,,,
,122,セッションID,SessionId__c,数式 (テキスト),-,-,-,-,-,-,-,-,,"帳票使用項目
画面表示なし",,-,,,,,,,,,,
,123,ユーザID,UserID__c,数式 (テキスト),-,-,-,-,-,-,-,-,,"帳票使用項目
画面表示なし",,-,,,,,,,,,,
,124,組織ID,OrgID__c,数式 (テキスト),-,-,-,-,-,-,-,-,,"帳票使用項目
画面表示なし",,-,,,,,,,,,,
,125,時間外労働,OvertimeWork__c,ロングテキストエリア(400),-,-,-,-,-,-,-,-,,"帳票使用項目
",,-,36協定区分の設定で自動設定のため,,,,,,,,,
,126,休日勤務,HolidayWork__c,ロングテキストエリア(400),-,-,-,-,-,-,-,-,,"帳票使用項目
",,-,36協定区分の設定で自動設定のため,,,,,,,,,
,127,通知式,NotificationType__c,チェックボックス,-,TRUE,-,-,-,-,-,-,,"帳票使用項目
",,-,,,,,,,,,,
,128,苦情処理方法、連携体制等,ClaimProcessingMethodCoordinationSystem__c,ロングテキストエリア(600),-,"""①甲における苦情処理申出先の者が苦情の申出を受けたときは、ただちに派遣先責任者へ連絡することとし、当該派遣先責任者が中心となって、誠意をもって、遅滞なく、当該苦情の適切かつ迅速な処理を図ることとし、その結果について必ず乙および技術員に通知することとする。""& BR() &
""②乙における苦情処理申出先の者が苦情の申出を受けたときは、ただちに派遣元責任者へ連絡することとし、当該派遣元責任者が中心となって、誠意をもって、遅滞なく、当該苦情の適切かつ迅速な処理を図ることとし、その結果について必ず技術員に通知することとする。""& BR() &
""③甲及び乙は、自らでその解決が容易であり、即時に処理した苦情の他は相互に遅滞なく通知するとともに、密接に連絡調整を行いつつ、その解決を図ることとする。""",-,-,-,-,-,-,,"帳票使用項目
",,-,,,,,,,,,,
,129,個別契約の解除に当たって講ずる技術者の雇用の安定を図るための措置,EngineerEmploymentStablePlanForMeasure__c,ロングテキストエリア(1000),-,"""①労働者派遣契約の解除の申入れ""& BR() &
""甲は、専ら甲に起因する事由により、個別契約の契約期間が満了する前の解除を行おうとする場合には、乙の合意を得ることはもとより、あらかじめ2ヶ月以上の猶予期間をもって乙に解除の申入れを行うこととする。""& BR() &
""②就業機会の確保""& BR() &
""甲及び乙は、個別契約の契約期間が満了する前に技術員の責に帰すべき事由によらない個別契約の解除を行った場合には、他の派遣先を斡旋する等により、個別契約に係る技術員の新たな就業機会の確保を図ることとする。""& BR() &
""③損害賠償等に係る適切な措置""& BR() &
""甲は、甲の責に帰すべき事由により個別契約の契約期間が満了する前に個別契約の解除を行おうとする場合には、技術員の新たな就業機会の確保を図ることとし、これができないときには、少なくとも当該個別契約の解除に伴い乙が当該労働者派遣に係る技術員を休業させること等を余儀なくされたことにより生じた損害の賠償を行わなければならないこととする。その他甲は乙と十分に協議した上で適切な善後処理方策を講ずることとする。また、甲及び乙の双方の責に帰すべき事由がある場合には、甲及び乙のそれぞれの責に帰すべき部分の割合についても十分に考慮することとする。""& BR() &
""④労働者派遣契約の解除の理由の明示""& BR() &
""甲は、個別契約の契約期間が満了する前に個別契約の解除を行おうとする場合であって、乙から請求があったときは、個別契約の解除を行った理由を乙に対し明らかにすることとする。""",-,-,-,-,-,-,,"帳票使用項目
",,-,デフォルト設定される,,,,,,,,,
,130,安全及び衛生,SafetyAndSanitary__c,ロングテキストエリア(600),-,"""①甲及び乙は、労働者派遣法第44条から第47条の4までの規定により課された責任を負う。""& BR() &
""②定期健康診断及び特定業務従事者の健康診断については、乙の費用と責任において実施するものとする。ただし、個別契約締結時において技術員が特定業務従事者に該当する旨、甲が乙に通知しなかった場合においては、乙は甲に対し、特定業務従事者の健康診断実施費用について請求することができるものとする。有害業務に係る健康診断については、甲の費用と責任において実施するものとする。""& BR() &
""③技術員が労働災害に被災した場合は、甲は遅滞なく派遣元責任者に連絡するとともに、労働者死傷病報告の写しを乙に送付する。""",-,-,-,-,-,-,,"帳票使用項目
",,-,デフォルト設定される,,,,,,,,,
,131,従業員の直接雇用に関する紛争防止措置,ConflictProtectionMeasure__c,ロングテキストエリア(600),-,"""①甲は、本個別契約に基づき派遣就業中の技術員を自社に勧誘するなど、技術員に対し、乙との雇用関係に影響を与えるような行為をしてはならない。""& BR() &
""②甲は、本個別契約の終了後に本個別契約に基づき就業していた技術員を雇用しようとする場合は、乙に予めその旨を通知しなければならない。""",-,-,-,-,-,-,,"帳票使用項目
",,-,,,,,,,,,,
,132,本書取扱い文言,TextHandingMessage__c,数式 (テキスト),-,-,-,-,-,-,-,-,,"帳票使用項目
画面表示なし",,-,,,,,,,,,,
,133,承認プロセス制御項目,SystemStatus__c,選択リスト,申請済み;ステップ①承認済み;ステップ②承認済み;ステップ③承認済み;ステップ④承認済み;ステップ⑤承認済み;ステップ⑥承認済み;ステップ⑦承認済み;取り消し;却下,-,-,-,-,-,-,-,,画面表示なし,,-,,,,,,,,,,
,134,承認プロセス制御項目2,SystemStatus2__c,選択リスト,申請済み;ステップ①承認済み;取り消し;却下,-,-,-,-,-,-,-,,画面表示なし,,-,,,,,,,,,,
,135,営業拠点ID,SalesOfficeId__c,数式 (テキスト),-,-,-,-,-,-,-,-,,画面表示なし,,-,,,,,,,,,,
,136,申請前ステータス,PreAppliedStatus__c,テキスト(10),-,-,-,-,-,-,-,-,,画面表示なし,,-,,,,,,,,,,
,137,36協定区分,Agreement__c,選択リスト,グローバル選択リスト#31,-,-,-,-,-,-,-,,帳票使用項目,,〇,,,,,,,,,,
,138,請求条件,BillingCondition__c,選択リスト,パターン1（就業、請求共に1分単位）;パターン2（就業1分単位、請求1分単位以外、月合計丸め）;パターン3（就業1分単位、請求1分単位以外、日々丸め）;パターン4（就業、請求1分単位以外、日々丸め）,-,-,-,-,-,-,-,,帳票使用項目,,-,,,,,,,,,,
,139,就業時間の管理単位及び請求時間の計算,WorkingTimeCalculation__c,ロングテキストエリア(400),-,-,-,-,-,-,-,-,,帳票使用項目,,-,自動設定項目,,,,,,,,,
,140,就業に関する指揮命令者4-役職名,SignCom4CommanderTitleName__c,テキスト(255),-,-,-,-,-,-,-,-,,帳票使用項目,,-,,,,,,,,,,
,141,就業に関する指揮命令者4-氏名,SignCom4CommanderName__c,テキスト(255),-,-,-,-,-,-,-,-,,帳票使用項目,,-,,,,,,,,,,
,142,就業に関する指揮命令者4-組織名,SignCom4OrgName__c,テキスト(255),-,-,-,-,-,-,-,-,,帳票使用項目,,-,,,,,,,,,,
,143,就業に関する指揮命令者5-役職名,SignCom5CommanderTitleName__c,テキスト(255),-,-,-,-,-,-,-,-,,帳票使用項目,,-,,,,,,,,,,
,144,就業に関する指揮命令者5-氏名,SignCom5CommanderName__c,テキスト(255),-,-,-,-,-,-,-,-,,帳票使用項目,,-,,,,,,,,,,
,145,就業に関する指揮命令者5-組織名,SignCom5OrgName__c,テキスト(255),-,-,-,-,-,-,-,-,,帳票使用項目,,-,,,,,,,,,,
,146,派遣先責任者4‐役職名,SignManager4ManagerTitleName__c,テキスト(255),-,-,-,-,-,-,-,-,,帳票使用項目,,-,,,,,,,,,,
,147,派遣先責任者4‐氏名,SignManager4ManagerName__c,テキスト(255),-,-,-,-,-,-,-,-,,帳票使用項目,,-,,,,,,,,,,
,148,派遣先責任者4‐組織名,SignManager4OrgName__c,テキスト(255),-,-,-,-,-,-,-,-,,帳票使用項目,,-,,,,,,,,,,
,149,派遣先責任者4‐TEL,SignManager4ManagerTelNum__c,テキスト(255),-,-,-,-,-,-,-,-,,帳票使用項目,,-,,,,,,,,,,
,150,派遣先責任者5‐役職名,SignManager5ManagerTitleName__c,テキスト(255),-,-,-,-,-,-,-,-,,帳票使用項目,,-,,,,,,,,,,
,151,派遣先責任者5‐氏名,SignManager5ManagerName__c,テキスト(255),-,-,-,-,-,-,-,-,,帳票使用項目,,-,,,,,,,,,,
,152,派遣先責任者5‐組織名,SignManager5OrgName__c,テキスト(255),-,-,-,-,-,-,-,-,,帳票使用項目,,-,,,,,,,,,,
,153,派遣先責任者5‐TEL,SignManager5ManagerTelNum__c,テキスト(255),-,-,-,-,-,-,-,-,,帳票使用項目,,-,,,,,,,,,,
,154,就業時間管理単位,WorkingTimeManagement__c,数値(2、0),-,-,-,-,-,-,-,-,,帳票使用項目,,〇,,,,,,,,,,
,155,請求時間管理単位,BillingTimeManagement__c,数値(2、0),-,-,-,-,-,-,-,-,,帳票使用項目,,〇,「請求時間の丸め単位」とマッピング,,,,,,,,,
,156,請求時間丸め,RoundingBillingTime__c,選択リスト,切り上げ;切り捨て,-,-,-,-,-,-,-,,帳票使用項目,,〇,,,,,,,,,,
,157,時間外労働（就業条件明示書）,EmploymentCondStmtOvertimeWork__c,ロングテキストエリア(400),-,-,-,-,-,-,-,-,,帳票使用項目,,-,36協定区分の設定で自動設定のため,,,,,,,,,
,158,就業条件レコード件数の判定,IsWorkingConditionRecords__c,数式 (チェックボックス),-,-,-,-,-,-,-,-,,帳票使用項目,,-,,,,,,,,,,
,159,電子契約-送信済フラグ,SentFlag__c,チェックボックス,-,-,-,-,-,-,-,-,,帳票使用項目,,-,,,,,,,,,,
,160,法令適合確認（基本確認）,ComplianceCheck__c,チェックボックス,-,FALSE,-,-,-,-,-,-,,,,-,,,,,,,,,,
,161,最新バージョン,LatestVersion__c,チェックボックス,-,FALSE,-,-,-,-,-,-,,,,-,,,,,,,,,,
,162,営業担当者,SalesPerson__c,参照関係(ユーザー),-,-,-,-,-,-,-,-,,,,-,,,,,,,,,,
,163,営業担当者メールアドレス,SalesPersonMail__c,数式 (テキスト),-,-,-,-,-,-,-,-,,,,-,,,,,,,,,,
,164,営業担当者名,SalesPersonName__c,数式 (テキスト),-,-,-,-,-,-,-,-,,,,-,,,,,,,,,,
,165,削除,Delete__c,チェックボックス,-,FALSE,-,-,-,-,-,-,,,,-,,,,,,,,,,
,166,業務形態,WorkType__c,選択リスト,自社施設内対応;契約先駐在対応,-,-,-,-,-,-,-,,帳票使用項目（業務連絡書）,,-,,,,,,,,,,
,167,配属日,AssignmentDate__c,日付,-,-,-,-,-,-,-,-,,帳票使用項目（業務連絡書）,,-,,,,,,,,,,
,168,業務場所,WorkPlace__c,テキスト(255),-,-,-,-,-,-,-,-,,帳票使用項目（業務連絡書）,,-,,,,,,,,,,
,169,代表者氏名-自社施設内対応,RepresentativeNameOfOwnCompany,テキスト(255),-,-,-,-,-,-,-,-,,帳票使用項目（業務連絡書）,,-,,,,,,,,,,
,170,事業所名,OfficeName__c,テキスト(255),-,-,-,-,-,-,-,-,,帳票使用項目（業務連絡書）,,〇,,,,,,,,,,
,171,事業所所在地-郵便番号,SignOfficePostalCode__c,テキスト(8),-,-,-,-,-,-,-,-,,帳票使用項目（業務連絡書）,,-,,,,,,,,,,
,172,事業所所在地-TEL,SignOfficeTelNum__c,テキスト(80),-,-,-,-,-,-,-,-,,帳票使用項目（業務連絡書）,,-,,,,,,,,,,
,173,事業所所在地-住所,SignOfficeAddress__c,テキスト(255),-,-,-,-,-,-,-,-,,帳票使用項目（業務連絡書）,,-,,,,,,,,,,
,174,契約先業務場所,SignOfficeWorkPlace__c,テキスト(255),-,-,-,-,-,-,-,-,,帳票使用項目（業務連絡書）,,-,,,,,,,,,,
,175,契約先契約窓口-所属,SignContractPICAffiliation__c,テキスト(255),-,-,-,-,-,-,-,-,,帳票使用項目（業務連絡書）,,-,,,,,,,,,,
,176,契約先契約窓口-役職,SignContractPICTitle__c,テキスト(255),-,-,-,-,-,-,-,-,,帳票使用項目（業務連絡書）,,-,,,,,,,,,,
,177,契約先契約窓口-氏名,SignContractPICName__c,テキスト(255),-,-,-,-,-,-,-,-,,帳票使用項目（業務連絡書）,,-,,,,,,,,,,
,178,契約先業務窓口-所属,SignWorkPICAffiliation__c,テキスト(255),-,-,-,-,-,-,-,-,,帳票使用項目（業務連絡書）,,-,,,,,,,,,,
,179,契約先業務窓口-役職,SignWorkPICTitle__c,テキスト(255),-,-,-,-,-,-,-,-,,帳票使用項目（業務連絡書）,,-,,,,,,,,,,
,180,契約先業務窓口-氏名,SignWorkPICName__c,テキスト(255),-,-,-,-,-,-,-,-,,帳票使用項目（業務連絡書）,,-,,,,,,,,,,
,181,代表者氏名-契約先駐在対応,RepresentativeNameOfCustomer,テキスト(255),-,-,-,-,-,-,-,-,,帳票使用項目（業務連絡書）,,-,,,,,,,,,,
,182,休日,Holiday__c,テキスト(255),-,客先カレンダーによる,-,-,-,-,-,-,,帳票使用項目（業務連絡書）,,-,,,,,,,,,,
,183,その他年間休日のカレンダー有無,OtherHoliday__c,選択リスト,有;無,-,-,-,-,-,-,-,,帳票使用項目（業務連絡書）,,-,,,,,,,,,,
,184,勤怠報告方法,AttendanceReportMethods__c,選択リスト,当社規定;契約先規定;タイムカード;日報;その他,-,-,-,-,-,-,-,,帳票使用項目（業務連絡書）,,-,,,,,,,,,,
,185,勤怠報告方法_その他補足,AttendanceReportOtherMethod__c,テキスト(255),-,-,-,-,-,-,-,-,,帳票使用項目（業務連絡書）,,-,,,,,,,,,,
,186,福利厚生-作業服,WelfareUniform__c,選択リスト,有;無,-,-,-,-,-,-,-,,帳票使用項目（業務連絡書）,,-,,,,,,,,,,
,187,福利厚生-作業服_補足,WelfareUniformSupplement__c,テキスト(255),-,-,-,-,-,-,-,-,,帳票使用項目（業務連絡書）,,-,,,,,,,,,,
,188,福利厚生-食堂,WelfareCafeteria__c,選択リスト,有;無,-,-,-,-,-,-,-,,帳票使用項目（業務連絡書）,,-,,,,,,,,,,
,189,福利厚生-その他,WelfareOthers__c,テキスト(255),,-,-,-,-,-,-,-,,帳票使用項目（業務連絡書）,,-,,,,,,,,,,
,190,安全衛生事項-定期健康診断時期,PeriodicHealthCheck__c,テキスト(255),,-,-,-,-,-,-,-,,帳票使用項目（業務連絡書）,,-,,,,,,,,,,
,191,安全衛生事項-契約先診療所の有無,SignClinic__c,選択リスト,有;無,-,-,-,-,-,-,-,,帳票使用項目（業務連絡書）,,-,,,,,,,,,,
,192,備考,Remarks__c,テキスト(255),-,-,-,-,-,-,-,-,,帳票使用項目（業務連絡書）,,-,,,,,,,,,,
,193,契約元所在地‐郵便番号,SignerPostalCode__c,テキスト(8),-,-,-,-,-,-,-,-,,帳票使用項目（業務連絡書）,,-,,,,,,,,,,
,194,契約元所在地‐住所,SignerAddress__c,テキスト(255),-,-,-,-,-,-,-,-,,帳票使用項目（業務連絡書）,,-,,,,,,,,,,
,195,契約元所在地‐拠点名,SignerBaseName__c,テキスト(255),-,-,-,-,-,-,-,-,,帳票使用項目（業務連絡書）,,-,,,,,,,,,,
,196,契約元所在地‐TEL,SignerTelNum__c,テキスト(80),-,-,-,-,-,-,-,-,,帳票使用項目（業務連絡書）,,-,,,,,,,,,,
,197,契約元所在地‐FAX,SignerFaxNum__c,テキスト(80),-,-,-,-,-,-,-,-,,帳票使用項目（業務連絡書）,,-,,,,,,,,,,
,198,納入物,DeliveryObject__c,ロングテキストエリア(1000),-,-,-,-,-,-,-,-,,帳票使用項目（請負個別契約書）,,-,,,,,,,,,,
,199,納期,DueDate__c,日付,-,-,-,-,-,-,-,-,,帳票使用項目（請負個別契約書）,,-,,,,,,,,,,
,200,支払条件,PaymentCriteria__c,ロングテキストエリア(1000),-,-,-,-,-,-,-,-,,帳票使用項目（請負個別契約書）,,-,,,,,,,,,,
,201,納入場所,DeliveryPlace__c,ロングテキストエリア(1000),-,-,-,-,-,-,-,-,,帳票使用項目（請負個別契約書）,,-,,,,,,,,,,
,202,検収予定日,AcceptanceExpectedDate__c,日付,-,-,-,-,-,-,-,-,,帳票使用項目（請負個別契約書）,,-,,,,,,,,,,
,203,割増条件基準,PremiumConditionCriteria__c,選択リスト,"メイテック基準
顧客基準",,,,,,,,◯,"2023-02-05 Sunghwan
(新規)",,-,,,,,,,,,,
,204,受注先,Account__c,参照関係(得意先),,,,,,,,,◯,"2023-02-06
(TBD)
2023-02-05 Sunghwan
(新規)
田邊さんに確認",,-,,,,,,,,,,
,205,会社コード,CompanyCode__c,選択リスト,"(グローバル選択リスト#33)
MT、MF",,,,,,,,◯,"2023-02-05 Sunghwan
(新規)",,-,,,,,,,,,,
,206,テレワーク手当請求可,TeleworkAllowanceBillable__c,チェックボックス,,,,,,,,,◯,"2023-02-05 Sunghwan
(新規)",,-,,,,,,,,,,
,207,テレワーク手当規定,TeleworkAllowanceCriteria__c,選択リスト,"メイテック基準
顧客基準",,,,,,,,◯,"2023-02-05 Sunghwan
(新規)",,-,,,,,,,,,,
,208,テレワーク手当自動計算対象フラグ,TeleworkAllowanceAutoCalc__c,チェックボックス,,,,,,,,,◯,"2023-02-05 Sunghwan
(新規)",,-,,,,,,,,,,
,209,テレワーク請求単位,TeleworkAllowanceBillUnit__c,選択リスト,(グローバル選択リスト#40),,,,,,,,◯,"2024-02-29 Yunyan Zhou
(新規)",,-,,,,,,,,,,
,210,テレワーク月額,TeleworkAllowanceMonthlyAmt__c,"通貨(12,2)",,,,,,,,,◯,"2024-02-29 Yunyan Zhou
(新規)",,-,,,,,,,,,,
,211,テレワーク日額,TeleworkAllowanceDailyAmt__c,"通貨(12,2)",,,,,,,,,◯,"2024-02-29 Yunyan Zhou
API名変更",,-,,,,,,,,,,
,212,テレワーク手当備考,TeleworkAllowanceRemark__c,テキスト(255),,,,,,,,,,月額での金額が決まっている場合は、手動で1日あたりを入力してもらう想定。その備考などを記載できる項目。,,-,,,,,,,,,,
,213,締結済フラグ,Signed__c,チェックボックス,,,,,,,,,,バッグログ「SFDC-280」で追加した項目,,-,,,,,,,,,,
,214,就業に関する指揮命令者1,SignCom1CommanderName_Relation__c,参照関係(取引先責任者),,,,,,,,,,バッグログ「SFDC-280」で追加した項目,,〇,,,,,,,,,,
,215,就業に関する指揮命令者2,SignCom2CommanderName_Relation__c,参照関係(取引先責任者),,,,,,,,,,バッグログ「SFDC-280」で追加した項目,,〇,,,,,,,,,,
,216,就業に関する指揮命令者3,SignCom3CommanderName_Relation__c,参照関係(取引先責任者),,,,,,,,,,バッグログ「SFDC-280」で追加した項目,,〇,,,,,,,,,,
,217,就業に関する指揮命令者4,SignCom4CommanderName_Relation__c,参照関係(取引先責任者),,,,,,,,,,バッグログ「SFDC-280」で追加した項目,,-,,,,,,,,,,
,218,就業に関する指揮命令者5,SignCom5CommanderName_Relation__c,参照関係(取引先責任者),,,,,,,,,,バッグログ「SFDC-280」で追加した項目,,-,,,,,,,,,,
,219,派遣先責任者1,SignManager1ManagerName_Relation__c,参照関係(取引先責任者),,,,,,,,,,バッグログ「SFDC-280」で追加した項目,,〇,,,,,,,,,,
,220,派遣先責任者2,SignManager2ManagerName_Relation__c,参照関係(取引先責任者),,,,,,,,,,バッグログ「SFDC-280」で追加した項目,,-,,,,,,,,,,
,221,派遣先責任者3,SignManager3ManagerName_Relation__c,参照関係(取引先責任者),,,,,,,,,,バッグログ「SFDC-280」で追加した項目,,-,,,,,,,,,,
,222,派遣先責任者4,SignManager4ManagerName_Relation__c,参照関係(取引先責任者),,,,,,,,,,バッグログ「SFDC-280」で追加した項目,,-,,,,,,,,,,
,223,派遣先責任者5,SignManager5ManagerName_Relation__c,参照関係(取引先責任者),,,,,,,,,,バッグログ「SFDC-280」で追加した項目,,-,,,,,,,,,,
,224,就業場所及び組織単位と組織長職名‐組織長,SignOrgHeadOrgHeadName_Relation__c,参照関係(取引先責任者),,,,,,,,,,バッグログ「SFDC-280」で追加した項目,,〇,,,,,,,,,,
,225,苦情処理申出先‐甲,SignSubmit1SubmitName_Relation__c,参照関係(取引先責任者),,,,,,,,,,バッグログ「SFDC-280」で追加した項目,,〇,,,,,,,,,,
,226,割増区分,OrderPremiumType__c,選択リスト,"(グローバル選択リスト#XX)
割増なし(0)
時間帯割増(1)
時間幅割増(2)",,,,,,,,◯,"2024-05-10 周
新規追加",,〇,,,,,,,,,,
,227,特殊作業有無,SpecialWork__c,選択リスト,"なし(0)
あり(1)",,,,,,,,,"2024-05-20 藤岡
新規追加",,〇,「危険有害業務の有無」の項目をマッピング予定,,,,,,,,,
,228,MT代表者連絡会/MF代表者戦略会議,RepresentativeCommittee__c,選択リスト,"無償(0)
有償(1)",,,,,,,,,"2024-5-21　藤岡
新規追加
グローバル選択リスト値MT確認中",,〇,,,,,,,,,,
,229,労務懇談,LaborRoundtable__c,選択リスト,"無償(0)
有償(1)",,,,,,,,,"2024-5-21　藤岡
新規追加
グローバル選択リスト値MT確認中",,〇,,,,,,,,,,
,230,顧客ポータル利用,IsCustomerPortalUser__c,チェックボックス,,FALSE,,,,,,,,"2024-5-21　藤岡
新規追加(SFDC-471顧客承認要件)",,-,,,,,,,,,,
,231,直接職・間接職区分,DirectIndirectCategory__c,選択リスト,"間接職(0)
直接職-派遣(1)
直接職-出来高(2)
直接職-見積(1)
直接職-教訓(1)
直接職-未配属(1)",,,,,,,,,"2024-5-21　藤岡
新規追加
グローバル選択リスト値MT確認中",,-,自動設定項目,,,,,,,,,
,232,36協定区分,Agreement__c,選択リスト,グローバル選択リスト#31,,,,,,,,,"2024-5-21　藤岡
新規追加
グローバル選択リスト値MT確認中",,-,,,,,,,,,,
,233,業務番号（条・項）,BusinessNumberArticleAndParagraph__c,選択リスト,第4条 1項;第5条,,,,,,,,,"2025-6-9　本間
オブジェクト定義書の最新化",,-,,,,,,,,,,
,234,受託区分,ConsignmentType__c,選択リスト,21;22;23,,,,,,,,,"2025-6-9　本間
オブジェクト定義書の最新化",,-,,,,,,,,,,
,235,締結方法,SignWay__c,選択リスト,電子契約;顧客システム;紙,,,,,,,,,"2025-6-9　本間
オブジェクト定義書の最新化",,-,,,,,,,,,,
,236,甲‐住所,AccountAddress__c,テキスト,,,,,,,,,,"2025-6-9　本間
オブジェクト定義書の最新化",,-,,,,,,,,,,
,237,甲‐会社名,AccountName__c,テキスト,,,,,,,,,,"2025-6-9　本間
オブジェクト定義書の最新化",,-,,,,,,,,,,
,238,甲‐郵便番号,AccountPostalCode__c,テキスト,,,,,,,,,,"2025-6-9　本間
オブジェクト定義書の最新化",,-,,,,,,,,,,
,239,甲‐代表者名,AccountRepresentativeName__c,テキスト,,,,,,,,,,"2025-6-9　本間
オブジェクト定義書の最新化",,〇,,,,,,,,,,
,240,甲の休業取得者印字,AccountTakingLeaveOfAbsenceCheck__c,チェックボックス,,,,,,,,,,"2025-6-9　本間
オブジェクト定義書の最新化",,-,,,,,,,,,,
,241,甲の休業取得者に関する事項,AccountTakingLeaveOfAbsence__c,テキスト,,,,,,,,,,"2025-6-9　本間
オブジェクト定義書の最新化",,-,,,,,,,,,,
,242,年間休日その他,AnnualHolidaysAndOther__c,テキスト,,,,,,,,,,"2025-6-9　本間
オブジェクト定義書の最新化",,-,,,,,,,,,,
,243,請求条件印字,BillingConditionCheck__c,チェックボックス,,,,,,,,,,"2025-6-9　本間
オブジェクト定義書の最新化",,-,,,,,,,,,,
,244,業務番号（号）,BusinessNumberItem__c,"数値 (2, 0)",,,,,,,,,,"2025-6-9　本間
オブジェクト定義書の最新化",,-,,,,,,,,,,
,245,D3WorkerFileName,D3WorkerFileName__c,テキスト,,,,,,,,,,"2025-6-9　本間
オブジェクト定義書の最新化",,-,,,,,,,,,,
,246,派遣契約解除措置,DispatchContractTerminationMeasures__c,ロングテキストエリア,,,,,,,,,,"2025-6-9　本間
オブジェクト定義書の最新化",,-,,,,,,,,,,
,247,福利厚生等の便宜提供（1行目）,EmployeeBenefitsAndOtherConveniences1__c,テキスト,,,,,,,,,,"2025-6-9　本間
オブジェクト定義書の最新化",,〇,"以下が候補のため、マッピング先の確認必要
・食堂の有無
・休憩室の有無
・更衣室の有無
・上記以外に利用できる施設の名称",,,,,,,,,
,248,福利厚生等の便宜提供（2行目）,EmployeeBenefitsAndOtherConveniences2__c,テキスト,,,,,,,,,,"2025-6-9　本間
オブジェクト定義書の最新化",,〇,"以下が候補のため、マッピング先の確認必要
・食堂の有無
・休憩室の有無
・更衣室の有無
・上記以外に利用できる施設の名称",,,,,,,,,
,249,福利厚生,EmployeeBenefits__c,テキスト,,,,,,,,,,"2025-6-9　本間
オブジェクト定義書の最新化",,-,,,,,,,,,,
,250,勤怠報告方法,HowToReportAttendance__c,テキスト,,,,,,,,,,"2025-6-9　本間
オブジェクト定義書の最新化",,〇,,,,,,,,,,
,251,事業所所在地,OfficeAddress__c,テキスト,,,,,,,,,,"2025-6-9　本間
オブジェクト定義書の最新化",,〇,,,,,,,,,,
,252,受注,Opportunity__c,参照関係 (商談・受注),,,,,,,,,,"2025-6-9　本間
オブジェクト定義書の最新化",,-,,,,,,,,,,
,253,乙‐住所,OurCompanyAddress__c,テキスト,,,,,,,,,,"2025-6-9　本間
オブジェクト定義書の最新化",,-,,,,,,,,,,
,254,乙‐会社名,OurCompanyName__c,テキスト,,,,,,,,,,"2025-6-9　本間
オブジェクト定義書の最新化",,-,,,,,,,,,,
,255,乙‐郵便番号,OurCompanyPostalCode__c,テキスト,,,,,,,,,,"2025-6-9　本間
オブジェクト定義書の最新化",,-,,,,,,,,,,
,256,乙‐代表者名,OurCompanyRepresentative__c,テキスト,,,,,,,,,,"2025-6-9　本間
オブジェクト定義書の最新化",,-,,,,,,,,,,
,257,乙‐労働者派遣事業許可番号,OurCompanyWorkerDispatchBusLicNum__c,テキスト,,,,,,,,,,"2025-6-9　本間
オブジェクト定義書の最新化",,-,,,,,,,,,,
,258,注文書受領済フラグ,PurchaseOrderReceived__c,チェックボックス,,,,,,,,,,"2025-6-9　本間
オブジェクト定義書の最新化",,-,,,,,,,,,,
,259,実績集計管理再作成フラグ,ReCreateBillingCalcPeriodFlag__c,チェックボックス,,,,,,,,,,"2025-6-9　本間
オブジェクト定義書の最新化",,-,,,,,,,,,,
,260,電子契約-却下フラグ,RefuseFlag__c,チェックボックス,,,,,,,,,,"2025-6-9　本間
オブジェクト定義書の最新化",,-,,,,,,,,,,
,261,安全及び衛生（危険有害業務）,SafetyAndSanitaryForSpecialWork__c,ロングテキストエリア,,,,,,,,,,"2025-6-9　本間
オブジェクト定義書の最新化
・表示ラベルの変更も兼ねる",,〇,「危険有害業務の内容」「危険又は健康障害の防止措置」「その他注記すべき内容」のタイトルと内容をCSV側で作成し本項目にマッピング,,,,,,,,,
,262,基本契約締結年月日,SignDate__c,日付,,,,,,,,,,"2025-6-9　本間
オブジェクト定義書の最新化",,-,,,,,,,,,,
,263,派遣元‐会社名,SignSourceCompanyName__c,テキスト,,,,,,,,,,"2025-6-9　本間
オブジェクト定義書の最新化",,-,,,,,,,,,,
,264,派遣元責任者,SignSourceManager__c,参照関係 (ユーザー),,,,,,,,,,"2025-6-9　本間
オブジェクト定義書の最新化",,-,,,,,,,,,,
,265,苦情処理申出先‐乙,SignSubmit2SubmitName_Relation__c,参照関係 (ユーザー),,,,,,,,,,"2025-6-9　本間
オブジェクト定義書の最新化",,-,,,,,,,,,,
,266,派遣就業日,StaffingWorkDayForEmpCdnStm__c,テキスト,,,,,,,,,,"2025-6-9　本間
オブジェクト定義書の最新化",,-,派遣先管理台帳、派遣元管理台帳、就業条件明示書に表示される項目のため。,,,,,,,,,
,267,派遣就業日,StaffingWorkDay__c,テキスト,,,,,,,,,,"2025-6-9　本間
オブジェクト定義書の最新化",,〇,,,,,,,,,,
,268,基準時間,StandardTime__c,"数値 (3, 0)",,,,,,,,,,"2025-6-9　本間
オブジェクト定義書の最新化",,-,,,,,,,,,,
,269,明示書・台帳日付,StmPageLedgerDate__c,日付,,,,,,,,,,"2025-6-9　本間
オブジェクト定義書の最新化",,-,,,,,,,,,,
,270,業務番号,BusinessNumber__c,数式 (テキスト),,,,,,,,,,"2025-6-9　本間
オブジェクト定義書の最新化",,-,,,,,,,,,,
,271,受託契約締結方法,ConsignmentContractType__c,数式 (テキスト),,,,,,,,,,"2025-6-9　本間
オブジェクト定義書の最新化",,-,,,,,,,,,,
,272,D3WorkerCID,D3WorkerCID__c,数式 (テキスト),,,,,,,,,,"2025-6-9　本間
オブジェクト定義書の最新化",,-,,,,,,,,,,
,273,当該協定の終了年,EndYearOfAgreement__c,数式 (テキスト),,,,,,,,,,"2025-6-9　本間
オブジェクト定義書の最新化",,-,,,,,,,,,,
,274,営業拠点ID,OrganizationId__c,数式 (テキスト),,,,,,,,,,"2025-6-9　本間
オブジェクト定義書の最新化",,-,,,,,,,,,,
,275,営業拠点,Organization__c,数式 (テキスト),,,,,,,,,,"2025-6-9　本間
オブジェクト定義書の最新化",,-,,,,,,,,,,
,276,承認済み書式,CheckedFormat__c,チェックボックス,,,,,,,,,,"2025-6-9　本間
オブジェクト定義書の最新化",,-,,,,,,,,,,
,277,事業所‐TEL,OfficeTelNum__c,テキスト(80),-,-,,,,,,,,"2025-6-9　本間
契約条件確認表Excel(2.X)版の追加項目取込み",,〇,,,,,,,,,,
,278,事業所所在地-郵便番号,OfficePostalCode__c,テキスト(8),-,-,,,,,,,,"2025-6-9　本間
契約条件確認表Excel(2.X)版の追加項目取込み",,〇,,,,,,,,,,
,279,送迎バス,CommutingByBus__c,選択リスト,"グローバル選択リスト#27
（有、無）",-,,,,,,,,"2025-6-9　本間
契約条件確認表Excel(2.X)版の追加項目取込み",,〇,,,,,,,,,,
,280,自転車通勤,CommutingByBicycle__c,選択リスト,"グローバル選択値#14
（可、不可）",-,,,,,,,,"2025-6-9　本間
契約条件確認表Excel(2.X)版の追加項目取込み",,〇,,,,,,,,,,
,281,駐輪場,BicycleParking__c,選択リスト,"グローバル選択リスト#27
（有、無）",-,,,,,,,,"2025-6-9　本間
契約条件確認表Excel(2.X)版の追加項目取込み",,〇,,,,,,,,,,
,282,駐車場利用料金有無,ParkingFee__c,選択リスト,"グローバル選択リスト#27
（有、無）",-,,,,,,,,"2025-6-9　本間
契約条件確認表Excel(2.X)版の追加項目取込み",,〇,,,,,,,,,,
,283,駐車場月額料金,MonthlyFee__c,"通貨(12, 0)",-,-,,,,,,,,"2025-6-9　本間
契約条件確認表Excel(2.X)版の追加項目取込み",,〇,,,,,,,,,,
,284,自転車保険加入義務,MandatoryBicycleInsurance__c,選択リスト,"グローバル選択リスト#27
（有、無）",-,,,,,,,,"2025-6-9　本間
契約条件確認表Excel(2.X)版の追加項目取込み",,〇,,,,,,,,,,
,285,作業服,WorkWear__c,選択リスト,"新規グローバル選択リスト
要、不要",-,,,,,,,,"2025-6-9　本間
契約条件確認表Excel(2.X)版の追加項目取込み",,〇,,,,,,,,,,
,286,エンジニア付与メールアドレス有無,MailAddressForEngineer__c,選択リスト,"グローバル選択リスト#27
（有、無）",-,,,,,,,,"2025-6-9　本間
契約条件確認表Excel(2.X)版の追加項目取込み",,〇,,,,,,,,,,
,287,拠点へのメール送信,MailSendToBase__c,選択リスト,"グローバル選択値#14
（可、不可）",-,,,,,,,,"2025-6-9　本間
契約条件確認表Excel(2.X)版の追加項目取込み",,〇,,,,,,,,,,
,288,部下の人数,SubordinateNum__c,数値(18、0),-,-,,,,,,,,"2025-6-9　本間
契約条件確認表Excel(2.X)版の追加項目取込み",,〇,,,,,,,,,,
,289,育児休業等・介護休業等で休業した派遣元社員の代替要員,ReplacementWorker__c,チェックボックス,-,-,,,,,,,,"2025-6-9　本間
契約条件確認表Excel(2.X)版の追加項目取込み",,〇,,,,,,,,,,
,290,派遣先において休業する労働者の氏名,NameOfLeavingWorker__c,テキスト(255),-,-,,,,,,,,"2025-6-9　本間
契約条件確認表Excel(2.X)版の追加項目取込み",,〇,,,,,,,,,,
,291,休業する労働者の業務内容,BusinessContentOfLeavingWorker__c,ロングテキストエリア(1000),-,-,,,,,,,,"2025-6-9　本間
契約条件確認表Excel(2.X)版の追加項目取込み",,〇,,,,,,,,,,
,292,休業の期間-開始日,LeavingStartDate__c,日付,-,-,,,,,,,,"2025-6-9　本間
契約条件確認表Excel(2.X)版の追加項目取込み",,〇,,,,,,,,,,
,293,休業の期間‐終了日,LeavingEndDate__c,日付,-,-,,,,,,,,"2025-6-9　本間
契約条件確認表Excel(2.X)版の追加項目取込み",,〇,,,,,,,,,,
,294,入門にあたり必要な書類等,DocumentForEntrance__c,テキスト(255),-,-,,,,,,,,"2025-6-9　本間
契約条件確認表Excel(2.X)版の追加項目取込み",,〇,,,,,,,,,,
,295,備考（就業条件明示書）,RemarksForWorkCondLedger__c,ロングテキストエリア(1000),-,-,,,,,,,,"2025-6-9　本間
契約条件確認表Excel(2.X)版の追加項目取込み",,〇,,,,,,,,,,
,296,備考（派遣元管理台帳）,RemarksForSourceMgmtLedger__c,ロングテキストエリア(1000),-,-,,,,,,,,"2025-6-9　本間
契約条件確認表Excel(2.X)版の追加項目取込み",,〇,,,,,,,,,,
,297,備考（派遣先管理台帳）,RemarksForClientMgmtLedger__c,ロングテキストエリア(1000),-,-,,,,,,,,"2025-6-9　本間
契約条件確認表Excel(2.X)版の追加項目取込み",,〇,,,,,,,,,,
,298,月160h保証条件,Guarantee160HoursCondition__c,ロングテキストエリア(1000),-,-,,,,,,,,"2025-6-9　本間
契約条件確認表Excel(2.X)版の追加項目取込み",,〇,,,,,,,,,,
,299,時間計上単位,TimeUnit__c,選択リスト,60進(時分単位) ,60進(時分単位) ,,,,,,,,"2025-6-9　本間
契約伝票就業条件から契約伝票への移管対象の取込み
・「60進(時分単位) 」固定とする。",,〇,,,,,,,,,,
,300,60進数→10進数処理,DecimalConversion__c,選択リスト,日々丸め；月丸め,　,,,,,,,,"2025-6-9　本間
契約伝票就業条件から契約伝票への移管対象の取込み",,〇,,,,,,,,,,
,301,小数点桁数 (桁),NumberOfDecimalPlaces__c,"数値 (2, 0)",　,　,,,,,,,,"2025-6-9　本間
契約伝票就業条件から契約伝票への移管対象の取込み",,〇,,,,,,,,,,
,302,端数処理,Rounding__c,選択リスト,四捨五入；切り上げ；切り捨て,　,,,,,,,,"2025-6-9　本間
契約伝票就業条件から契約伝票への移管対象の取込み",,〇,,,,,,,,,,
,303,所定内(日)（分単位）,PrescribedWithinMinDate__c,"数値 (2, 0)",　,　,,,,,,,,"2025-6-9　本間
契約伝票就業条件から契約伝票への移管対象の取込み",,〇,,,,,,,,,,
,304,所定内(月)（分単位）,PrescribedWithinMinMonth__c,"数値 (2, 0)",　,　,,,,,,,,"2025-6-9　本間
契約伝票就業条件から契約伝票への移管対象の取込み",,〇,,,,,,,,,,
,305,所定外(日)（分単位）,PrescribedWithoutMinDate__c,"数値 (2, 0)",　,　,,,,,,,,"2025-6-9　本間
契約伝票就業条件から契約伝票への移管対象の取込み",,〇,,,,,,,,,,
,306,所定外(月)（分単位）,PrescribedWithoutMinMonth__c,"数値 (2, 0)",　,　,,,,,,,,"2025-6-9　本間
契約伝票就業条件から契約伝票への移管対象の取込み",,〇,,,,,,,,,,
,307,日合計（分単位）,DayTotal__c,"数値 (2, 0)",　,　,,,,,,,,"2025-6-9　本間
契約伝票就業条件から契約伝票への移管対象の取込み",,〇,,,,,,,,,,
,308,月合計（分単位）,MonthTotal__c,"数値 (2, 0)",　,　,,,,,,,,"2025-6-9　本間
契約伝票就業条件から契約伝票への移管対象の取込み",,〇,,,,,,,,,,
,309,遅刻・早退取扱い（分単位）,RoundingUnitOfDelayOrLeavingEarly__c,"数値 (2, 0)",　,　,,,,,,,,"2025-6-9　本間
契約伝票就業条件から契約伝票への移管対象の取込み",,〇,,,,,,,,,,
,310,時間帯割増（平日時間外）,ExtraCharge_WeekDayOverTime__c,"数値 (12, 3)",-,-,,,,,,,,"2025-6-9　本間
契約条件確認表Excel取り込みの得意先割増条件の妥当性チェック用項目",,〇,,,,,,,,,,
,311,時間帯割増（平日深夜）,ExtraCharge_WeekDayMidnight__c,"数値 (12, 3)",-,-,,,,,,,,"2025-6-9　本間
契約条件確認表Excel取り込みの得意先割増条件の妥当性チェック用項目",,〇,,,,,,,,,,
,312,時間帯割増（所定内深夜）,ExtraCharge_MidnightWithinWorkHour__c,"数値 (12, 3)",-,-,,,,,,,,"2025-6-9　本間
契約条件確認表Excel取り込みの得意先割増条件の妥当性チェック用項目",,〇,"表示ラベル名を変更する可能性あり
⇒「所定内深夜」",,,,,,,,,
,313,時間帯割増（休日時間外）,ExtraCharge_WeekendOverTIme__c,"数値 (12, 3)",-,-,,,,,,,,"2025-6-9　本間
契約条件確認表Excel取り込みの得意先割増条件の妥当性チェック用項目",,〇,,,,,,,,,,
,314,時間帯割増（休日深夜）,ExtraCharge_WeekendMidnight__c,"数値 (12, 3)",-,-,,,,,,,,"2025-6-9　本間
契約条件確認表Excel取り込みの得意先割増条件の妥当性チェック用項目",,〇,,,,,,,,,,
,315,時間帯割増（法定休日時間外）,ExtraCharge_HolidayOverTime__c,"数値 (12, 3)",-,-,,,,,,,,"2025-6-9　本間
契約条件確認表Excel取り込みの得意先割増条件の妥当性チェック用項目",,〇,"表示ラベル名を変更する可能性あり
⇒「法定休日時間外」",,,,,,,,,
,316,時間帯割増（法定休日時間外深夜）,ExtraCharge_HolidayMidnight__c,"数値 (12, 3)",-,-,,,,,,,,"2025-6-9　本間
契約条件確認表Excel取り込みの得意先割増条件の妥当性チェック用項目",,〇,"表示ラベル名を変更する可能性あり
⇒「法定休日時間外深夜」",,,,,,,,,
,317,時間幅割増（時間外～45H）,ExtraCharge_Within45H__c,"数値 (12, 3)",-,-,,,,,,,,"2025-6-9　本間
契約条件確認表Excel取り込みの得意先割増条件の妥当性チェック用項目",,〇,,,,,,,,,,
,318,時間幅割増（時間外45H～60H）,ExtraCharge_Between45HAnd60H__c,"数値 (12, 3)",-,-,,,,,,,,"2025-6-9　本間
契約条件確認表Excel取り込みの得意先割増条件の妥当性チェック用項目",,〇,,,,,,,,,,
,319,時間幅割増（時間外60H～）,ExtraCharge_Over60H__c,"数値 (12, 3)",-,-,,,,,,,,"2025-6-9　本間
契約条件確認表Excel取り込みの得意先割増条件の妥当性チェック用項目",,〇,,,,,,,,,,
,320,時間幅割増（時間外深夜～45H）,ExtraCharge_MidnightWithin45H__c,"数値 (12, 3)",-,-,,,,,,,,"2025-6-9　本間
契約条件確認表Excel取り込みの得意先割増条件の妥当性チェック用項目",,〇,,,,,,,,,,
,321,時間幅割増（時間外深夜45H～60H）,ExtraCharge_MidnightBetween45HAnd60H__c,"数値 (12, 3)",-,-,,,,,,,,"2025-6-9　本間
契約条件確認表Excel取り込みの得意先割増条件の妥当性チェック用項目",,〇,,,,,,,,,,
,322,時間幅割増（時間外深夜60H～）,ExtraCharge_MidnightOver60H__c,"数値 (12, 3)",-,-,,,,,,,,"2025-6-9　本間
契約条件確認表Excel取り込みの得意先割増条件の妥当性チェック用項目",,〇,,,,,,,,,,
,323,通常締め-締め日,ClosingDay__c,選択リスト,締め日,-,,,,,,,,"2025-6-9　本間
契約条件確認表Excel取り込みの契約伝票支払条件の妥当性チェック用項目",,〇,,,,,,,,,,
,324,通常締め-支払日,DayOfPayment__c,選択リスト,日,-,,,,,,,,"2025-6-9　本間
契約条件確認表Excel取り込みの契約伝票支払条件の妥当性チェック用項目",,〇,,,,,,,,,,
,325,通常締め-支払サイト,PaymentSite__c,選択リスト,支払サイト,-,,,,,,,,"2025-6-9　本間
契約条件確認表Excel取り込みの契約伝票支払条件の妥当性チェック用項目",,〇,,,,,,,,,,
,326,臨時締め-締め月,TemporaryClosingMonth__c,選択リスト,月,-,,,,,,,,"2025-6-9　本間
契約条件確認表Excel取り込みの契約伝票支払条件の妥当性チェック用項目",,〇,,,,,,,,,,
,327,臨時締め-締め日,TemporaryClosingDay__c,選択リスト,日,-,,,,,,,,"2025-6-9　本間
契約条件確認表Excel取り込みの契約伝票支払条件の妥当性チェック用項目",,〇,,,,,,,,,,
,328,CSV取込みフラグ,CSVImportFlag__c,チェックボックス,-,-,,,,,,,,"2025-6-9　本間
契約条件確認表Excel取り込みの二重取込み防止用処理に利用する項目",,-,,,,,,,,,,
,329,Web利用,ByWeb__c,選択リスト,0;1,,,,,,,,,"2025/6/30　本間
契約条件確認表Excel取り込みの請求書送付先の妥当性チェック用項目",,〇,取り込み対象外とする可能性あり,,,,,,,,,
,330,メールアドレス,MainMailAddr__c,メール,-,,,,,,,,,"2025/6/30　本間
契約条件確認表Excel取り込みの請求書送付先の妥当性チェック用項目",,〇,取り込み対象外とする可能性あり,,,,,,,,,
,331,メール添付,ByMail__c,選択リスト,0;1,,,,,,,,,"2025/6/30　本間
契約条件確認表Excel取り込みの請求書送付先の妥当性チェック用項目",,〇,取り込み対象外とする可能性あり,,,,,,,,,
,332,送付先住所1,Addr1OfDestination__c,テキスト,-,,,,,,,,,"2025/6/30　本間
契約条件確認表Excel取り込みの請求書送付先の妥当性チェック用項目",,〇,取り込み対象外とする可能性あり,,,,,,,,,
,333,送付先住所2,Addr2OfDestination__c,テキスト,-,,,,,,,,,"2025/6/30　本間
契約条件確認表Excel取り込みの請求書送付先の妥当性チェック用項目",,〇,取り込み対象外とする可能性あり,,,,,,,,,
,334,送付先名称,AddressOfDestination__c,テキスト,-,,,,,,,,,"2025/6/30　本間
契約条件確認表Excel取り込みの請求書送付先の妥当性チェック用項目",,〇,取り込み対象外とする可能性あり,,,,,,,,,
,335,送付先担当者名,ManagerOfDestination__c,テキスト,-,,,,,,,,,"2025/6/30　本間
契約条件確認表Excel取り込みの請求書送付先の妥当性チェック用項目",,〇,取り込み対象外とする可能性あり,,,,,,,,,
,336,送付先敬称,TitleOfDestination__c,テキスト,-,,,,,,,,,"2025/6/30　本間
契約条件確認表Excel取り込みの請求書送付先の妥当性チェック用項目",,〇,取り込み対象外とする可能性あり,,,,,,,,,
,337,送付先部署名,DivisionOfDestination__c,テキスト,-,,,,,,,,,"2025/6/30　本間
契約条件確認表Excel取り込みの請求書送付先の妥当性チェック用項目",,〇,取り込み対象外とする可能性あり,,,,,,,,,
,338,送付先郵便番号,PostalCodeOfDestination__c,テキスト,-,,,,,,,,,"2025/6/30　本間
契約条件確認表Excel取り込みの請求書送付先の妥当性チェック用項目",,〇,取り込み対象外とする可能性あり,,,,,,,,,
,339,郵送対象,ByPost__c,選択リスト,0;1,,,,,,,,,"2025/6/30　本間
契約条件確認表Excel取り込みの請求書送付先の妥当性チェック用項目",,〇,取り込み対象外とする可能性あり,,,,,,,,,
,340,,,,,,,,,,,,,,,,,,,,,,,,,
,,,,,,,,,,,,,,,,,,,,,,,,,,
,,,,,,,,,,,,,,,,,,,,,,,,,,
,項目の連動関係一覧,,,,,,,,,,,,,,,,,,,,,,,,,
,＃,制御項目,連動項目,,,,,,,,,,,,,,,,,,,,,,,
,1,契約書様式,ステータス,,,,,,,,,,,,,,,,,,,,,,,
,,,,,,,,,,,,,,,,,,,,,,,,,,
,※制御項目の値と連動項目の値のパターンは以下の通り,,,,,,,,,,,,,,,,,,,,,,,,,
,項目:表示ラベル,,項目の連動関係,,,,,,,,,,,,,,,,,,,,,,,
,制御項目, 契約書様式: , 当社フォーム , 当社フォーム (一部変更) , 客先フォーム ,,,,,,,,,,,,,,,,,,,,,
,連動項目, ステータス: , ドラフト , ドラフト , ドラフト ,,,,,,,,,,,,,,,,,,,,,
,,, リーガルチェック中 , リーガルチェック中 , リーガルチェック中 ,,,,,,,,,,,,,,,,,,,,,
,,, リーガルチェック済 , リーガルチェック済 , リーガルチェック済 ,,,,,,,,,,,,,,,,,,,,,
,,, 締結承認申請中 , 締結承認申請中 , 締結承認申請中 ,,,,,,,,,,,,,,,,,,,,,
,,, 締結承認済 , 締結承認済 , 締結承認済 ,,,,,,,,,,,,,,,,,,,,,
,,, 締結済 , 締結済 , 締結済 ,,,,,,,,,,,,,,,,,,,,,
,,, 無効 , 無効 , 無効 ,,,,,,,,,,,,,,,,,,,,,
,,・・・選択可能な値,,,,,,,,,,,,,,,,,,,,,,,,
,,,,,,,,,,,,,,,,,,,,,,,,,,
,,,,,,,,,,,,,,,,,,,,,,,,,,
,レコードタイプと選択リスト項目の連動関係,,,,,,,,,,,,,,,,,,,,,,,,,
,＃,レコードタイプ,,,,,,,,,,,,,,,,,,,,,,,,
,1,派遣_承認前,,,,,,,,,,,,,,,,,,,,,,,,
,,,,,,,,,,,,,,,,,,,,,,,,,,
,※当レコードタイプにおける選択可能な選択値の一覧は下記の通り,,,,,,,,,,,,,,,,,,,,,,,,,
,表示ラベル,,36協定区分,60歳以上の者に限定するか否かの別,ステータス,協定対象派遣労働者に限定するか否かの別,契約書様式,,,月160h保証,,自動車通勤,,,社内システム,承認プロセス制御項目,,,,,,,,,,
,選択肢一覧,,89：一般,する,ドラフト,する,当社フォーム,,,有,,可,,,有,申請済み,,,,,,,,,,
,,,90：一般（フレックス）,しない,リーガルチェック中,しない,当社フォーム (一部変更),,,無,,不可,,,無,ステップ①承認済み,,,,,,,,,,
,,,91：一般：延長時間表記有,-,リーガルチェック済,-,客先フォーム,,,-,,-,,,-,ステップ②承認済み,,,,,,,,,,
,,,92：一般（フレックス）：延長時間表記有,-,締結承認申請中,-,-,,,-,,-,,,-,ステップ③承認済み,,,,,,,,,,
,,,93：適用除外業務,-,締結承認済,-,-,,,-,,-,,,-,ステップ④承認済み,,,,,,,,,,
,,,94：適用除外業務（フレックス）,-,締結済,-,-,,,-,,-,,,-,ステップ⑤承認済み,,,,,,,,,,
,,,95：総務業務,-,無効,-,-,,,-,,-,,,-,ステップ⑥承認済み,,,,,,,,,,
,,,96：本社業務,-,-,-,-,,,-,,-,,,-,ステップ⑦承認済み,,,,,,,,,,
,,,97：営業職,-,-,-,-,,,-,,-,,,-,取り消し,,,,,,,,,,
,,,98：教育職,-,-,-,-,,,-,,-,,,-,却下,,,,,,,,,,
,,,99：教育職（フレックス）,-,-,-,-,,,-,,-,,,-,-,,,,,,,,,,
,,,,,,,,,,,,,,,,,,,,,,,,,,
,表示ラベル,,承認プロセス制御項目2,請求時間丸め,請求条件,代表者連絡会,駐車場,,,入門証,,無期雇用派遣労働者に限定するか否かの別,,,労務懇談会,,,,,,,,,,,
,選択肢一覧,,申請済み,切り上げ,パターン1（就業、請求共に1分単位）,有,有,,,有,,する,,,有,,,,,,,,,,,
,,,ステップ①承認済み,切り捨て,パターン2（就業1分単位、請求1分単位以外、月合計丸め）,無,無,,,無,,しない,,,無,,,,,,,,,,,
,,,取り消し,-,パターン3（就業1分単位、請求1分単位以外、日々丸め）,-,-,,,-,,-,,,-,,,,,,,,,,,
,,,却下,-,パターン4（就業、請求1分単位以外、日々丸め）,-,-,,,-,,-,,,-,,,,,,,,,,,
,,・・・選択可能な値,,,,,,,,,,,,,,,,,,,,,,,,
,,,,,,,,,,,,,,,,,,,,,,,,,,
,＃,レコードタイプ,,,,,,,,,,,,,,,,,,,,,,,,
,2,派遣_承認済,,,,,,,,,,,,,,,,,,,,,,,,
,,,,,,,,,,,,,,,,,,,,,,,,,,
,,,,,,,,,,,,,,,,,,,,,,,,,,
,,,,※#1と同様のため割愛,,,,,,,,,,,,,,,,,,,,,,
,,,,,,,,,,,,,,,,,,,,,,,,,,
,＃,レコードタイプ,,,,,,,,,,,,,,,,,,,,,,,,
,3,派遣_締結済,,,,,,,,,,,,,,,,,,,,,,,,
,,,,,,,,,,,,,,,,,,,,,,,,,,
,,,,,,,,,,,,,,,,,,,,,,,,,,
,,,,※#1と同様のため割愛,,,,,,,,,,,,,,,,,,,,,,
,,,,,,,,,,,,,,,,,,,,,,,,,,
,＃,レコードタイプ,,,,,,,,,,,,,,,,,,,,,,,,
,4,受託_承認前,,,,,,,,,,,,,,,,,,,,,,,,
,,,,,,,,,,,,,,,,,,,,,,,,,,
,,,,,,,,,,,,,,,,,,,,,,,,,,
,,,,※#1と同様のため割愛,,,,,,,,,,,,,,,,,,,,,,
,,,,,,,,,,,,,,,,,,,,,,,,,,
,＃,レコードタイプ,,,,,,,,,,,,,,,,,,,,,,,,
,5,受託_承認済,,,,,,,,,,,,,,,,,,,,,,,,
,,,,,,,,,,,,,,,,,,,,,,,,,,
,,,,,,,,,,,,,,,,,,,,,,,,,,
,,,,※#1と同様のため割愛,,,,,,,,,,,,,,,,,,,,,,
,,,,,,,,,,,,,,,,,,,,,,,,,,
,＃,レコードタイプ,,,,,,,,,,,,,,,,,,,,,,,,
,6,受託_締結済,,,,,,,,,,,,,,,,,,,,,,,,
,,,,,,,,,,,,,,,,,,,,,,,,,,
,,,,,,,,,,,,,,,,,,,,,,,,,,
,,,,※#1と同様のため割愛,,,,,,,,,,,,,,,,,,,,,,
,,,,,,,,,,,,,,,,,,,,,,,,,,
,,,,,,,,,,,,,,,,,,,,,,,,,,
,,,,,,,,,,,,,,,,,,,,,,,,,,
,,,,,,,,,,,,,,,,,,,,,,,,,,
,,,,,,,,,,,,,,,,,,,,,,,,,,
,,,,,,,,,,,,,,,,,,,,,,,,,,
,,,,,,,,,,,,,,,,,,,,,,,,,,
,,,,,,,,,,,,,,,,,,,,,,,,,,
,,,,,,,,,,,,,,,,,,,,,,,,,,
,,,,,,,,,,,,,,,,,,,,,,,,,,
,,,,,,,,,,,,,,,,,,,,,,,,,,
,,,,,,,,,,,,,,,,,,,,,,,,,,
,,,,,,,,,,,,,,,,,,,,,,,,,,
,,,,,,,,,,,,,,,,,,,,,,,,,,
,,,,,,,,,,,,,,,,,,,,,,,,,,
,,,,,,,,,,,,,,,,,,,,,,,,,,
,,,,,,,,,,,,,,,,,,,,,,,,,,
,,,,,,,,,,,,,,,,,,,,,,,,,,
,,,,,,,,,,,,,,,,,,,,,,,,,,
,,,,,,,,,,,,,,,,,,,,,,,,,,
,,,,,,,,,,,,,,,,,,,,,,,,,,
,,,,,,,,,,,,,,,,,,,,,,,,,,
,,,,,,,,,,,,,,,,,,,,,,,,,,
,,,,,,,,,,,,,,,,,,,,,,,,,,
,,,,,,,,,,,,,,,,,,,,,,,,,,
,,,,,,,,,,,,,,,,,,,,,,,,,,
,,,,,,,,,,,,,,,,,,,,,,,,,,
,,,,,,,,,,,,,,,,,,,,,,,,,,
,,,,,,,,,,,,,,,,,,,,,,,,,,
,,,,,,,,,,,,,,,,,,,,,,,,,,
,,,,,,,,,,,,,,,,,,,,,,,,,,
,,,,,,,,,,,,,,,,,,,,,,,,,,
,,,,,,,,,,,,,,,,,,,,,,,,,,
,,,,,,,,,,,,,,,,,,,,,,,,,,
,,,,,,,,,,,,,,,,,,,,,,,,,,
,,,,,,,,,,,,,,,,,,,,,,,,,,
,,,,,,,,,,,,,,,,,,,,,,,,,,
,,,,,,,,,,,,,,,,,,,,,,,,,,
,,,,,,,,,,,,,,,,,,,,,,,,,,
,,,,,,,,,,,,,,,,,,,,,,,,,,
,,,,,,,,,,,,,,,,,,,,,,,,,,
,,,,,,,,,,,,,,,,,,,,,,,,,,
,,,,,,,,,,,,,,,,,,,,,,,,,,
,,,,,,,,,,,,,,,,,,,,,,,,,,
,,,,,,,,,,,,,,,,,,,,,,,,,,
,,,,,,,,,,,,,,,,,,,,,,,,,,
,,,,,,,,,,,,,,,,,,,,,,,,,,
,,,,,,,,,,,,,,,,,,,,,,,,,,
,,,,,,,,,,,,,,,,,,,,,,,,,,
,,,,,,,,,,,,,,,,,,,,,,,,,,
,,,,,,,,,,,,,,,,,,,,,,,,,,
,,,,,,,,,,,,,,,,,,,,,,,,,,
,,,,,,,,,,,,,,,,,,,,,,,,,,
,,,,,,,,,,,,,,,,,,,,,,,,,,
,,,,,,,,,,,,,,,,,,,,,,,,,,
,,,,,,,,,,,,,,,,,,,,,,,,,,
,,,,,,,,,,,,,,,,,,,,,,,,,,
,,,,,,,,,,,,,,,,,,,,,,,,,,
,,,,,,,,,,,,,,,,,,,,,,,,,,
,,,,,,,,,,,,,,,,,,,,,,,,,,
,,,,,,,,,,,,,,,,,,,,,,,,,,
,,,,,,,,,,,,,,,,,,,,,,,,,,
,,,,,,,,,,,,,,,,,,,,,,,,,,
,,,,,,,,,,,,,,,,,,,,,,,,,,
,,,,,,,,,,,,,,,,,,,,,,,,,,
,,,,,,,,,,,,,,,,,,,,,,,,,,
,,,,,,,,,,,,,,,,,,,,,,,,,,
,,,,,,,,,,,,,,,,,,,,,,,,,,
,,,,,,,,,,,,,,,,,,,,,,,,,,
,,,,,,,,,,,,,,,,,,,,,,,,,,
,,,,,,,,,,,,,,,,,,,,,,,,,,
,,,,,,,,,,,,,,,,,,,,,,,,,,
,,,,,,,,,,,,,,,,,,,,,,,,,,
,,,,,,,,,,,,,,,,,,,,,,,,,,
,,,,,,,,,,,,,,,,,,,,,,,,,,
,,,,,,,,,,,,,,,,,,,,,,,,,,
,,,,,,,,,,,,,,,,,,,,,,,,,,
,,,,,,,,,,,,,,,,,,,,,,,,,,
,,,,,,,,,,,,,,,,,,,,,,,,,,
,,,,,,,,,,,,,,,,,,,,,,,,,,
,,,,,,,,,,,,,,,,,,,,,,,,,,
,,,,,,,,,,,,,,,,,,,,,,,,,,
,,,,,,,,,,,,,,,,,,,,,,,,,,
,,,,,,,,,,,,,,,,,,,,,,,,,,
,,,,,,,,,,,,,,,,,,,,,,,,,,
,,,,,,,,,,,,,,,,,,,,,,,,,,
,,,,,,,,,,,,,,,,,,,,,,,,,,
,,,,,,,,,,,,,,,,,,,,,,,,,,
,,,,,,,,,,,,,,,,,,,,,,,,,,
,,,,,,,,,,,,,,,,,,,,,,,,,,
,,,,,,,,,,,,,,,,,,,,,,,,,,
,,,,,,,,,,,,,,,,,,,,,,,,,,
,,,,,,,,,,,,,,,,,,,,,,,,,,
,,,,,,,,,,,,,,,,,,,,,,,,,,
,,,,,,,,,,,,,,,,,,,,,,,,,,
,,,,,,,,,,,,,,,,,,,,,,,,,,
,,,,,,,,,,,,,,,,,,,,,,,,,,
,,,,,,,,,,,,,,,,,,,,,,,,,,
,,,,,,,,,,,,,,,,,,,,,,,,,,
,,,,,,,,,,,,,,,,,,,,,,,,,,
,,,,,,,,,,,,,,,,,,,,,,,,,,
,,,,,,,,,,,,,,,,,,,,,,,,,,
,,,,,,,,,,,,,,,,,,,,,,,,,,
,,,,,,,,,,,,,,,,,,,,,,,,,,
,,,,,,,,,,,,,,,,,,,,,,,,,,
,,,,,,,,,,,,,,,,,,,,,,,,,,
,,,,,,,,,,,,,,,,,,,,,,,,,,
,,,,,,,,,,,,,,,,,,,,,,,,,,
,,,,,,,,,,,,,,,,,,,,,,,,,,
,,,,,,,,,,,,,,,,,,,,,,,,,,
,,,,,,,,,,,,,,,,,,,,,,,,,,
,,,,,,,,,,,,,,,,,,,,,,,,,,
,,,,,,,,,,,,,,,,,,,,,,,,,,
,,,,,,,,,,,,,,,,,,,,,,,,,,
,,,,,,,,,,,,,,,,,,,,,,,,,,
,,,,,,,,,,,,,,,,,,,,,,,,,,
,,,,,,,,,,,,,,,,,,,,,,,,,,
,,,,,,,,,,,,,,,,,,,,,,,,,,
,,,,,,,,,,,,,,,,,,,,,,,,,,
,,,,,,,,,,,,,,,,,,,,,,,,,,
,,,,,,,,,,,,,,,,,,,,,,,,,,
,,,,,,,,,,,,,,,,,,,,,,,,,,
,,,,,,,,,,,,,,,,,,,,,,,,,,
,,,,,,,,,,,,,,,,,,,,,,,,,,
,,,,,,,,,,,,,,,,,,,,,,,,,,
,,,,,,,,,,,,,,,,,,,,,,,,,,
,,,,,,,,,,,,,,,,,,,,,,,,,,
,,,,,,,,,,,,,,,,,,,,,,,,,,
,,,,,,,,,,,,,,,,,,,,,,,,,,
,,,,,,,,,,,,,,,,,,,,,,,,,,
,,,,,,,,,,,,,,,,,,,,,,,,,,
,,,,,,,,,,,,,,,,,,,,,,,,,,
,,,,,,,,,,,,,,,,,,,,,,,,,,
,,,,,,,,,,,,,,,,,,,,,,,,,,
,,,,,,,,,,,,,,,,,,,,,,,,,,
,,,,,,,,,,,,,,,,,,,,,,,,,,
,,,,,,,,,,,,,,,,,,,,,,,,,,
,,,,,,,,,,,,,,,,,,,,,,,,,,
,,,,,,,,,,,,,,,,,,,,,,,,,,
,,,,,,,,,,,,,,,,,,,,,,,,,,
,,,,,,,,,,,,,,,,,,,,,,,,,,
,,,,,,,,,,,,,,,,,,,,,,,,,,
,,,,,,,,,,,,,,,,,,,,,,,,,,
,,,,,,,,,,,,,,,,,,,,,,,,,,
,,,,,,,,,,,,,,,,,,,,,,,,,,
,,,,,,,,,,,,,,,,,,,,,,,,,,
,,,,,,,,,,,,,,,,,,,,,,,,,,
,,,,,,,,,,,,,,,,,,,,,,,,,,
,,,,,,,,,,,,,,,,,,,,,,,,,,
,,,,,,,,,,,,,,,,,,,,,,,,,,
,,,,,,,,,,,,,,,,,,,,,,,,,,
,,,,,,,,,,,,,,,,,,,,,,,,,,
,,,,,,,,,,,,,,,,,,,,,,,,,,
,,,,,,,,,,,,,,,,,,,,,,,,,,
,,,,,,,,,,,,,,,,,,,,,,,,,,
,,,,,,,,,,,,,,,,,,,,,,,,,,
,,,,,,,,,,,,,,,,,,,,,,,,,,
,,,,,,,,,,,,,,,,,,,,,,,,,,
,,,,,,,,,,,,,,,,,,,,,,,,,,
,,,,,,,,,,,,,,,,,,,,,,,,,,
,,,,,,,,,,,,,,,,,,,,,,,,,,
,,,,,,,,,,,,,,,,,,,,,,,,,,
,,,,,,,,,,,,,,,,,,,,,,,,,,
,,,,,,,,,,,,,,,,,,,,,,,,,,
,,,,,,,,,,,,,,,,,,,,,,,,,,
,,,,,,,,,,,,,,,,,,,,,,,,,,
,,,,,,,,,,,,,,,,,,,,,,,,,,
,,,,,,,,,,,,,,,,,,,,,,,,,,
,,,,,,,,,,,,,,,,,,,,,,,,,,
,,,,,,,,,,,,,,,,,,,,,,,,,,
,,,,,,,,,,,,,,,,,,,,,,,,,,
,,,,,,,,,,,,,,,,,,,,,,,,,,
,,,,,,,,,,,,,,,,,,,,,,,,,,
,,,,,,,,,,,,,,,,,,,,,,,,,,
,,,,,,,,,,,,,,,,,,,,,,,,,,
,,,,,,,,,,,,,,,,,,,,,,,,,,
,,,,,,,,,,,,,,,,,,,,,,,,,,
,,,,,,,,,,,,,,,,,,,,,,,,,,
,,,,,,,,,,,,,,,,,,,,,,,,,,
,,,,,,,,,,,,,,,,,,,,,,,,,,
,,,,,,,,,,,,,,,,,,,,,,,,,,
,,,,,,,,,,,,,,,,,,,,,,,,,,
,,,,,,,,,,,,,,,,,,,,,,,,,,
,,,,,,,,,,,,,,,,,,,,,,,,,,
,,,,,,,,,,,,,,,,,,,,,,,,,,
,,,,,,,,,,,,,,,,,,,,,,,,,,
,,,,,,,,,,,,,,,,,,,,,,,,,,
,,,,,,,,,,,,,,,,,,,,,,,,,,
,,,,,,,,,,,,,,,,,,,,,,,,,,
,,,,,,,,,,,,,,,,,,,,,,,,,,
,,,,,,,,,,,,,,,,,,,,,,,,,,
,,,,,,,,,,,,,,,,,,,,,,,,,,
,,,,,,,,,,,,,,,,,,,,,,,,,,
,,,,,,,,,,,,,,,,,,,,,,,,,,
,,,,,,,,,,,,,,,,,,,,,,,,,,
,,,,,,,,,,,,,,,,,,,,,,,,,,
,,,,,,,,,,,,,,,,,,,,,,,,,,
,,,,,,,,,,,,,,,,,,,,,,,,,,
,,,,,,,,,,,,,,,,,,,,,,,,,,
,,,,,,,,,,,,,,,,,,,,,,,,,,
,,,,,,,,,,,,,,,,,,,,,,,,,,
,,,,,,,,,,,,,,,,,,,,,,,,,,
,,,,,,,,,,,,,,,,,,,,,,,,,,
,,,,,,,,,,,,,,,,,,,,,,,,,,
,,,,,,,,,,,,,,,,,,,,,,,,,,
,,,,,,,,,,,,,,,,,,,,,,,,,,
,,,,,,,,,,,,,,,,,,,,,,,,,,
,,,,,,,,,,,,,,,,,,,,,,,,,,
,,,,,,,,,,,,,,,,,,,,,,,,,,
,,,,,,,,,,,,,,,,,,,,,,,,,,
,,,,,,,,,,,,,,,,,,,,,,,,,,
,,,,,,,,,,,,,,,,,,,,,,,,,,
,,,,,,,,,,,,,,,,,,,,,,,,,,
,,,,,,,,,,,,,,,,,,,,,,,,,,
,,,,,,,,,,,,,,,,,,,,,,,,,,
,,,,,,,,,,,,,,,,,,,,,,,,,,
,,,,,,,,,,,,,,,,,,,,,,,,,,
,,,,,,,,,,,,,,,,,,,,,,,,,,
,,,,,,,,,,,,,,,,,,,,,,,,,,
,,,,,,,,,,,,,,,,,,,,,,,,,,
,,,,,,,,,,,,,,,,,,,,,,,,,,
,,,,,,,,,,,,,,,,,,,,,,,,,,
,,,,,,,,,,,,,,,,,,,,,,,,,,
,,,,,,,,,,,,,,,,,,,,,,,,,,
,,,,,,,,,,,,,,,,,,,,,,,,,,
,,,,,,,,,,,,,,,,,,,,,,,,,,
,,,,,,,,,,,,,,,,,,,,,,,,,,
,,,,,,,,,,,,,,,,,,,,,,,,,,
,,,,,,,,,,,,,,,,,,,,,,,,,,
,,,,,,,,,,,,,,,,,,,,,,,,,,
,,,,,,,,,,,,,,,,,,,,,,,,,,
,,,,,,,,,,,,,,,,,,,,,,,,,,
,,,,,,,,,,,,,,,,,,,,,,,,,,
,,,,,,,,,,,,,,,,,,,,,,,,,,
,,,,,,,,,,,,,,,,,,,,,,,,,,
,,,,,,,,,,,,,,,,,,,,,,,,,,
,,,,,,,,,,,,,,,,,,,,,,,,,,
,,,,,,,,,,,,,,,,,,,,,,,,,,
,,,,,,,,,,,,,,,,,,,,,,,,,,
,,,,,,,,,,,,,,,,,,,,,,,,,,
,,,,,,,,,,,,,,,,,,,,,,,,,,
,,,,,,,,,,,,,,,,,,,,,,,,,,
,,,,,,,,,,,,,,,,,,,,,,,,,,
,,,,,,,,,,,,,,,,,,,,,,,,,,
,,,,,,,,,,,,,,,,,,,,,,,,,,
,,,,,,,,,,,,,,,,,,,,,,,,,,
,,,,,,,,,,,,,,,,,,,,,,,,,,
,,,,,,,,,,,,,,,,,,,,,,,,,,
,,,,,,,,,,,,,,,,,,,,,,,,,,
,,,,,,,,,,,,,,,,,,,,,,,,,,
,,,,,,,,,,,,,,,,,,,,,,,,,,
,,,,,,,,,,,,,,,,,,,,,,,,,,
,,,,,,,,,,,,,,,,,,,,,,,,,,
,,,,,,,,,,,,,,,,,,,,,,,,,,
,,,,,,,,,,,,,,,,,,,,,,,,,,
,,,,,,,,,,,,,,,,,,,,,,,,,,
,,,,,,,,,,,,,,,,,,,,,,,,,,
,,,,,,,,,,,,,,,,,,,,,,,,,,
,,,,,,,,,,,,,,,,,,,,,,,,,,
,,,,,,,,,,,,,,,,,,,,,,,,,,
,,,,,,,,,,,,,,,,,,,,,,,,,,
,,,,,,,,,,,,,,,,,,,,,,,,,,
,,,,,,,,,,,,,,,,,,,,,,,,,,
,,,,,,,,,,,,,,,,,,,,,,,,,,
,,,,,,,,,,,,,,,,,,,,,,,,,,
,,,,,,,,,,,,,,,,,,,,,,,,,,
,,,,,,,,,,,,,,,,,,,,,,,,,,
,,,,,,,,,,,,,,,,,,,,,,,,,,
,,,,,,,,,,,,,,,,,,,,,,,,,,
,,,,,,,,,,,,,,,,,,,,,,,,,,
,,,,,,,,,,,,,,,,,,,,,,,,,,
,,,,,,,,,,,,,,,,,,,,,,,,,,
,,,,,,,,,,,,,,,,,,,,,,,,,,
,,,,,,,,,,,,,,,,,,,,,,,,,,
,,,,,,,,,,,,,,,,,,,,,,,,,,
,,,,,,,,,,,,,,,,,,,,,,,,,,
,,,,,,,,,,,,,,,,,,,,,,,,,,
,,,,,,,,,,,,,,,,,,,,,,,,,,
,,,,,,,,,,,,,,,,,,,,,,,,,,
,,,,,,,,,,,,,,,,,,,,,,,,,,
,,,,,,,,,,,,,,,,,,,,,,,,,,
,,,,,,,,,,,,,,,,,,,,,,,,,,
,,,,,,,,,,,,,,,,,,,,,,,,,,
,,,,,,,,,,,,,,,,,,,,,,,,,,
,,,,,,,,,,,,,,,,,,,,,,,,,,
,,,,,,,,,,,,,,,,,,,,,,,,,,
,,,,,,,,,,,,,,,,,,,,,,,,,,
,,,,,,,,,,,,,,,,,,,,,,,,,,
,,,,,,,,,,,,,,,,,,,,,,,,,,
,,,,,,,,,,,,,,,,,,,,,,,,,,
,,,,,,,,,,,,,,,,,,,,,,,,,,
,,,,,,,,,,,,,,,,,,,,,,,,,,
,,,,,,,,,,,,,,,,,,,,,,,,,,
,,,,,,,,,,,,,,,,,,,,,,,,,,
,,,,,,,,,,,,,,,,,,,,,,,,,,
,,,,,,,,,,,,,,,,,,,,,,,,,,
,,,,,,,,,,,,,,,,,,,,,,,,,,
,,,,,,,,,,,,,,,,,,,,,,,,,,
,,,,,,,,,,,,,,,,,,,,,,,,,,
,,,,,,,,,,,,,,,,,,,,,,,,,,
,,,,,,,,,,,,,,,,,,,,,,,,,,
,,,,,,,,,,,,,,,,,,,,,,,,,,
,,,,,,,,,,,,,,,,,,,,,,,,,,
,,,,,,,,,,,,,,,,,,,,,,,,,,
,,,,,,,,,,,,,,,,,,,,,,,,,,
,,,,,,,,,,,,,,,,,,,,,,,,,,
,,,,,,,,,,,,,,,,,,,,,,,,,,
,,,,,,,,,,,,,,,,,,,,,,,,,,
,,,,,,,,,,,,,,,,,,,,,,,,,,
,,,,,,,,,,,,,,,,,,,,,,,,,,
,,,,,,,,,,,,,,,,,,,,,,,,,,
,,,,,,,,,,,,,,,,,,,,,,,,,,
,,,,,,,,,,,,,,,,,,,,,,,,,,
,,,,,,,,,,,,,,,,,,,,,,,,,,
,,,,,,,,,,,,,,,,,,,,,,,,,,
,,,,,,,,,,,,,,,,,,,,,,,,,,
,,,,,,,,,,,,,,,,,,,,,,,,,,
,,,,,,,,,,,,,,,,,,,,,,,,,,
,,,,,,,,,,,,,,,,,,,,,,,,,,
,,,,,,,,,,,,,,,,,,,,,,,,,,
,,,,,,,,,,,,,,,,,,,,,,,,,,
,,,,,,,,,,,,,,,,,,,,,,,,,,
,,,,,,,,,,,,,,,,,,,,,,,,,,
,,,,,,,,,,,,,,,,,,,,,,,,,,
,,,,,,,,,,,,,,,,,,,,,,,,,,
,,,,,,,,,,,,,,,,,,,,,,,,,,
,,,,,,,,,,,,,,,,,,,,,,,,,,
,,,,,,,,,,,,,,,,,,,,,,,,,,
,,,,,,,,,,,,,,,,,,,,,,,,,,
,,,,,,,,,,,,,,,,,,,,,,,,,,
,,,,,,,,,,,,,,,,,,,,,,,,,,
,,,,,,,,,,,,,,,,,,,,,,,,,,
,,,,,,,,,,,,,,,,,,,,,,,,,,
,,,,,,,,,,,,,,,,,,,,,,,,,,
,,,,,,,,,,,,,,,,,,,,,,,,,,
,,,,,,,,,,,,,,,,,,,,,,,,,,
,,,,,,,,,,,,,,,,,,,,,,,,,,
,,,,,,,,,,,,,,,,,,,,,,,,,,
,,,,,,,,,,,,,,,,,,,,,,,,,,
,,,,,,,,,,,,,,,,,,,,,,,,,,
,,,,,,,,,,,,,,,,,,,,,,,,,,
,,,,,,,,,,,,,,,,,,,,,,,,,,
,,,,,,,,,,,,,,,,,,,,,,,,,,
,,,,,,,,,,,,,,,,,,,,,,,,,,
,,,,,,,,,,,,,,,,,,,,,,,,,,
,,,,,,,,,,,,,,,,,,,,,,,,,,
,,,,,,,,,,,,,,,,,,,,,,,,,,
,,,,,,,,,,,,,,,,,,,,,,,,,,
,,,,,,,,,,,,,,,,,,,,,,,,,,
,,,,,,,,,,,,,,,,,,,,,,,,,,
,,,,,,,,,,,,,,,,,,,,,,,,,,
,,,,,,,,,,,,,,,,,,,,,,,,,,
,,,,,,,,,,,,,,,,,,,,,,,,,,
,,,,,,,,,,,,,,,,,,,,,,,,,,
,,,,,,,,,,,,,,,,,,,,,,,,,,
,,,,,,,,,,,,,,,,,,,,,,,,,,
,,,,,,,,,,,,,,,,,,,,,,,,,,
,,,,,,,,,,,,,,,,,,,,,,,,,,
,,,,,,,,,,,,,,,,,,,,,,,,,,
,,,,,,,,,,,,,,,,,,,,,,,,,,
,,,,,,,,,,,,,,,,,,,,,,,,,,
,,,,,,,,,,,,,,,,,,,,,,,,,,
,,,,,,,,,,,,,,,,,,,,,,,,,,
,,,,,,,,,,,,,,,,,,,,,,,,,,
,,,,,,,,,,,,,,,,,,,,,,,,,,
,,,,,,,,,,,,,,,,,,,,,,,,,,
,,,,,,,,,,,,,,,,,,,,,,,,,,
,,,,,,,,,,,,,,,,,,,,,,,,,,
,,,,,,,,,,,,,,,,,,,,,,,,,,
,,,,,,,,,,,,,,,,,,,,,,,,,,
,,,,,,,,,,,,,,,,,,,,,,,,,,
,,,,,,,,,,,,,,,,,,,,,,,,,,
,,,,,,,,,,,,,,,,,,,,,,,,,,
,,,,,,,,,,,,,,,,,,,,,,,,,,
,,,,,,,,,,,,,,,,,,,,,,,,,,
,,,,,,,,,,,,,,,,,,,,,,,,,,
,,,,,,,,,,,,,,,,,,,,,,,,,,
,,,,,,,,,,,,,,,,,,,,,,,,,,
,,,,,,,,,,,,,,,,,,,,,,,,,,
,,,,,,,,,,,,,,,,,,,,,,,,,,
,,,,,,,,,,,,,,,,,,,,,,,,,,
,,,,,,,,,,,,,,,,,,,,,,,,,,
,,,,,,,,,,,,,,,,,,,,,,,,,,
,,,,,,,,,,,,,,,,,,,,,,,,,,
,,,,,,,,,,,,,,,,,,,,,,,,,,
,,,,,,,,,,,,,,,,,,,,,,,,,,
,,,,,,,,,,,,,,,,,,,,,,,,,,
,,,,,,,,,,,,,,,,,,,,,,,,,,
,,,,,,,,,,,,,,,,,,,,,,,,,,
,,,,,,,,,,,,,,,,,,,,,,,,,,
,,,,,,,,,,,,,,,,,,,,,,,,,,
,,,,,,,,,,,,,,,,,,,,,,,,,,
,,,,,,,,,,,,,,,,,,,,,,,,,,
,,,,,,,,,,,,,,,,,,,,,,,,,,
,,,,,,,,,,,,,,,,,,,,,,,,,,
,,,,,,,,,,,,,,,,,,,,,,,,,,
,,,,,,,,,,,,,,,,,,,,,,,,,,
,,,,,,,,,,,,,,,,,,,,,,,,,,
,,,,,,,,,,,,,,,,,,,,,,,,,,
,,,,,,,,,,,,,,,,,,,,,,,,,,
,,,,,,,,,,,,,,,,,,,,,,,,,,
,,,,,,,,,,,,,,,,,,,,,,,,,,
,,,,,,,,,,,,,,,,,,,,,,,,,,
,,,,,,,,,,,,,,,,,,,,,,,,,,
,,,,,,,,,,,,,,,,,,,,,,,,,,
,,,,,,,,,,,,,,,,,,,,,,,,,,
,,,,,,,,,,,,,,,,,,,,,,,,,,
,,,,,,,,,,,,,,,,,,,,,,,,,,
,,,,,,,,,,,,,,,,,,,,,,,,,,
,,,,,,,,,,,,,,,,,,,,,,,,,,
,,,,,,,,,,,,,,,,,,,,,,,,,,
,,,,,,,,,,,,,,,,,,,,,,,,,,
,,,,,,,,,,,,,,,,,,,,,,,,,,
,,,,,,,,,,,,,,,,,,,,,,,,,,
,,,,,,,,,,,,,,,,,,,,,,,,,,
,,,,,,,,,,,,,,,,,,,,,,,,,,
,,,,,,,,,,,,,,,,,,,,,,,,,,
,,,,,,,,,,,,,,,,,,,,,,,,,,
,,,,,,,,,,,,,,,,,,,,,,,,,,
,,,,,,,,,,,,,,,,,,,,,,,,,,
,,,,,,,,,,,,,,,,,,,,,,,,,,
,,,,,,,,,,,,,,,,,,,,,,,,,,
,,,,,,,,,,,,,,,,,,,,,,,,,,
,,,,,,,,,,,,,,,,,,,,,,,,,,
,,,,,,,,,,,,,,,,,,,,,,,,,,
,,,,,,,,,,,,,,,,,,,,,,,,,,
,,,,,,,,,,,,,,,,,,,,,,,,,,
,,,,,,,,,,,,,,,,,,,,,,,,,,
,,,,,,,,,,,,,,,,,,,,,,,,,,
,,,,,,,,,,,,,,,,,,,,,,,,,,
,,,,,,,,,,,,,,,,,,,,,,,,,,
,,,,,,,,,,,,,,,,,,,,,,,,,,
,,,,,,,,,,,,,,,,,,,,,,,,,,
,,,,,,,,,,,,,,,,,,,,,,,,,,
,,,,,,,,,,,,,,,,,,,,,,,,,,
,,,,,,,,,,,,,,,,,,,,,,,,,,
,,,,,,,,,,,,,,,,,,,,,,,,,,
,,,,,,,,,,,,,,,,,,,,,,,,,,
,,,,,,,,,,,,,,,,,,,,,,,,,,
,,,,,,,,,,,,,,,,,,,,,,,,,,
,,,,,,,,,,,,,,,,,,,,,,,,,,
,,,,,,,,,,,,,,,,,,,,,,,,,,
,,,,,,,,,,,,,,,,,,,,,,,,,,
,,,,,,,,,,,,,,,,,,,,,,,,,,
,,,,,,,,,,,,,,,,,,,,,,,,,,
,,,,,,,,,,,,,,,,,,,,,,,,,,
,,,,,,,,,,,,,,,,,,,,,,,,,,
,,,,,,,,,,,,,,,,,,,,,,,,,,
,,,,,,,,,,,,,,,,,,,,,,,,,,
,,,,,,,,,,,,,,,,,,,,,,,,,,
,,,,,,,,,,,,,,,,,,,,,,,,,,
,,,,,,,,,,,,,,,,,,,,,,,,,,
,,,,,,,,,,,,,,,,,,,,,,,,,,
,,,,,,,,,,,,,,,,,,,,,,,,,,
,,,,,,,,,,,,,,,,,,,,,,,,,,
,,,,,,,,,,,,,,,,,,,,,,,,,,
,,,,,,,,,,,,,,,,,,,,,,,,,,
,,,,,,,,,,,,,,,,,,,,,,,,,,
,,,,,,,,,,,,,,,,,,,,,,,,,,
,,,,,,,,,,,,,,,,,,,,,,,,,,
,,,,,,,,,,,,,,,,,,,,,,,,,,
,,,,,,,,,,,,,,,,,,,,,,,,,,
,,,,,,,,,,,,,,,,,,,,,,,,,,
,,,,,,,,,,,,,,,,,,,,,,,,,,
,,,,,,,,,,,,,,,,,,,,,,,,,,
,,,,,,,,,,,,,,,,,,,,,,,,,,
,,,,,,,,,,,,,,,,,,,,,,,,,,
,,,,,,,,,,,,,,,,,,,,,,,,,,
,,,,,,,,,,,,,,,,,,,,,,,,,,
,,,,,,,,,,,,,,,,,,,,,,,,,,
,,,,,,,,,,,,,,,,,,,,,,,,,,
,,,,,,,,,,,,,,,,,,,,,,,,,,
,,,,,,,,,,,,,,,,,,,,,,,,,,
,,,,,,,,,,,,,,,,,,,,,,,,,,
,,,,,,,,,,,,,,,,,,,,,,,,,,
,,,,,,,,,,,,,,,,,,,,,,,,,,
,,,,,,,,,,,,,,,,,,,,,,,,,,
,,,,,,,,,,,,,,,,,,,,,,,,,,
,,,,,,,,,,,,,,,,,,,,,,,,,,
,,,,,,,,,,,,,,,,,,,,,,,,,,
,,,,,,,,,,,,,,,,,,,,,,,,,,
,,,,,,,,,,,,,,,,,,,,,,,,,,
,,,,,,,,,,,,,,,,,,,,,,,,,,
,,,,,,,,,,,,,,,,,,,,,,,,,,
,,,,,,,,,,,,,,,,,,,,,,,,,,
,,,,,,,,,,,,,,,,,,,,,,,,,,
,,,,,,,,,,,,,,,,,,,,,,,,,,
,,,,,,,,,,,,,,,,,,,,,,,,,,
,,,,,,,,,,,,,,,,,,,,,,,,,,
,,,,,,,,,,,,,,,,,,,,,,,,,,
,,,,,,,,,,,,,,,,,,,,,,,,,,
,,,,,,,,,,,,,,,,,,,,,,,,,,
,,,,,,,,,,,,,,,,,,,,,,,,,,
,,,,,,,,,,,,,,,,,,,,,,,,,,
,,,,,,,,,,,,,,,,,,,,,,,,,,
,,,,,,,,,,,,,,,,,,,,,,,,,,
,,,,,,,,,,,,,,,,,,,,,,,,,,
,,,,,,,,,,,,,,,,,,,,,,,,,,
,,,,,,,,,,,,,,,,,,,,,,,,,,
,,,,,,,,,,,,,,,,,,,,,,,,,,
,,,,,,,,,,,,,,,,,,,,,,,,,,
,,,,,,,,,,,,,,,,,,,,,,,,,,
,,,,,,,,,,,,,,,,,,,,,,,,,,
,,,,,,,,,,,,,,,,,,,,,,,,,,
,,,,,,,,,,,,,,,,,,,,,,,,,,
,,,,,,,,,,,,,,,,,,,,,,,,,,
,,,,,,,,,,,,,,,,,,,,,,,,,,
,,,,,,,,,,,,,,,,,,,,,,,,,,
,,,,,,,,,,,,,,,,,,,,,,,,,,
,,,,,,,,,,,,,,,,,,,,,,,,,,
,,,,,,,,,,,,,,,,,,,,,,,,,,
,,,,,,,,,,,,,,,,,,,,,,,,,,
,,,,,,,,,,,,,,,,,,,,,,,,,,
,,,,,,,,,,,,,,,,,,,,,,,,,,
,,,,,,,,,,,,,,,,,,,,,,,,,,
,,,,,,,,,,,,,,,,,,,,,,,,,,
,,,,,,,,,,,,,,,,,,,,,,,,,,
,,,,,,,,,,,,,,,,,,,,,,,,,,
,,,,,,,,,,,,,,,,,,,,,,,,,,
,,,,,,,,,,,,,,,,,,,,,,,,,,
,,,,,,,,,,,,,,,,,,,,,,,,,,
,,,,,,,,,,,,,,,,,,,,,,,,,,
,,,,,,,,,,,,,,,,,,,,,,,,,,
,,,,,,,,,,,,,,,,,,,,,,,,,,
,,,,,,,,,,,,,,,,,,,,,,,,,,
,,,,,,,,,,,,,,,,,,,,,,,,,,
,,,,,,,,,,,,,,,,,,,,,,,,,,
,,,,,,,,,,,,,,,,,,,,,,,,,,
,,,,,,,,,,,,,,,,,,,,,,,,,,
,,,,,,,,,,,,,,,,,,,,,,,,,,
,,,,,,,,,,,,,,,,,,,,,,,,,,
,,,,,,,,,,,,,,,,,,,,,,,,,,
,,,,,,,,,,,,,,,,,,,,,,,,,,
,,,,,,,,,,,,,,,,,,,,,,,,,,
,,,,,,,,,,,,,,,,,,,,,,,,,,
,,,,,,,,,,,,,,,,,,,,,,,,,,
,,,,,,,,,,,,,,,,,,,,,,,,,,
,,,,,,,,,,,,,,,,,,,,,,,,,,
,,,,,,,,,,,,,,,,,,,,,,,,,,
,,,,,,,,,,,,,,,,,,,,,,,,,,
,,,,,,,,,,,,,,,,,,,,,,,,,,
,,,,,,,,,,,,,,,,,,,,,,,,,,
,,,,,,,,,,,,,,,,,,,,,,,,,,
,,,,,,,,,,,,,,,,,,,,,,,,,,
,,,,,,,,,,,,,,,,,,,,,,,,,,
,,,,,,,,,,,,,,,,,,,,,,,,,,
,,,,,,,,,,,,,,,,,,,,,,,,,,
,,,,,,,,,,,,,,,,,,,,,,,,,,
,,,,,,,,,,,,,,,,,,,,,,,,,,
,,,,,,,,,,,,,,,,,,,,,,,,,,
,,,,,,,,,,,,,,,,,,,,,,,,,,
,,,,,,,,,,,,,,,,,,,,,,,,,,
,,,,,,,,,,,,,,,,,,,,,,,,,,
,,,,,,,,,,,,,,,,,,,,,,,,,,
,,,,,,,,,,,,,,,,,,,,,,,,,,
,,,,,,,,,,,,,,,,,,,,,,,,,,
,,,,,,,,,,,,,,,,,,,,,,,,,,
,,,,,,,,,,,,,,,,,,,,,,,,,,
,,,,,,,,,,,,,,,,,,,,,,,,,,
,,,,,,,,,,,,,,,,,,,,,,,,,,
,,,,,,,,,,,,,,,,,,,,,,,,,,
,,,,,,,,,,,,,,,,,,,,,,,,,,
,,,,,,,,,,,,,,,,,,,,,,,,,,
,,,,,,,,,,,,,,,,,,,,,,,,,,
,,,,,,,,,,,,,,,,,,,,,,,,,,
,,,,,,,,,,,,,,,,,,,,,,,,,,
,,,,,,,,,,,,,,,,,,,,,,,,,,
,,,,,,,,,,,,,,,,,,,,,,,,,,
,,,,,,,,,,,,,,,,,,,,,,,,,,
,,,,,,,,,,,,,,,,,,,,,,,,,,
,,,,,,,,,,,,,,,,,,,,,,,,,,
,,,,,,,,,,,,,,,,,,,,,,,,,,
,,,,,,,,,,,,,,,,,,,,,,,,,,
,,,,,,,,,,,,,,,,,,,,,,,,,,
,,,,,,,,,,,,,,,,,,,,,,,,,,
,,,,,,,,,,,,,,,,,,,,,,,,,,
,,,,,,,,,,,,,,,,,,,,,,,,,,
,,,,,,,,,,,,,,,,,,,,,,,,,,
,,,,,,,,,,,,,,,,,,,,,,,,,,
,,,,,,,,,,,,,,,,,,,,,,,,,,
,,,,,,,,,,,,,,,,,,,,,,,,,,
,,,,,,,,,,,,,,,,,,,,,,,,,,
,,,,,,,,,,,,,,,,,,,,,,,,,,
,,,,,,,,,,,,,,,,,,,,,,,,,,
,,,,,,,,,,,,,,,,,,,,,,,,,,
,,,,,,,,,,,,,,,,,,,,,,,,,,
,,,,,,,,,,,,,,,,,,,,,,,,,,
,,,,,,,,,,,,,,,,,,,,,,,,,,
,,,,,,,,,,,,,,,,,,,,,,,,,,
,,,,,,,,,,,,,,,,,,,,,,,,,,
,,,,,,,,,,,,,,,,,,,,,,,,,,
,,,,,,,,,,,,,,,,,,,,,,,,,,
,,,,,,,,,,,,,,,,,,,,,,,,,,
,,,,,,,,,,,,,,,,,,,,,,,,,,
,,,,,,,,,,,,,,,,,,,,,,,,,,
,,,,,,,,,,,,,,,,,,,,,,,,,,
,,,,,,,,,,,,,,,,,,,,,,,,,,
,,,,,,,,,,,,,,,,,,,,,,,,,,
,,,,,,,,,,,,,,,,,,,,,,,,,,
,,,,,,,,,,,,,,,,,,,,,,,,,,
,,,,,,,,,,,,,,,,,,,,,,,,,,
,,,,,,,,,,,,,,,,,,,,,,,,,,
,,,,,,,,,,,,,,,,,,,,,,,,,,
,,,,,,,,,,,,,,,,,,,,,,,,,,
,,,,,,,,,,,,,,,,,,,,,,,,,,
,,,,,,,,,,,,,,,,,,,,,,,,,,
,,,,,,,,,,,,,,,,,,,,,,,,,,
,,,,,,,,,,,,,,,,,,,,,,,,,,
,,,,,,,,,,,,,,,,,,,,,,,,,,
,,,,,,,,,,,,,,,,,,,,,,,,,,
,,,,,,,,,,,,,,,,,,,,,,,,,,
,,,,,,,,,,,,,,,,,,,,,,,,,,
,,,,,,,,,,,,,,,,,,,,,,,,,,
,,,,,,,,,,,,,,,,,,,,,,,,,,
,,,,,,,,,,,,,,,,,,,,,,,,,,
,,,,,,,,,,,,,,,,,,,,,,,,,,
,,,,,,,,,,,,,,,,,,,,,,,,,,
,,,,,,,,,,,,,,,,,,,,,,,,,,
,,,,,,,,,,,,,,,,,,,,,,,,,,
,,,,,,,,,,,,,,,,,,,,,,,,,,
,,,,,,,,,,,,,,,,,,,,,,,,,,
,,,,,,,,,,,,,,,,,,,,,,,,,,
,,,,,,,,,,,,,,,,,,,,,,,,,,
,,,,,,,,,,,,,,,,,,,,,,,,,,
,,,,,,,,,,,,,,,,,,,,,,,,,,
,,,,,,,,,,,,,,,,,,,,,,,,,,
,,,,,,,,,,,,,,,,,,,,,,,,,,
,,,,,,,,,,,,,,,,,,,,,,,,,,
,,,,,,,,,,,,,,,,,,,,,,,,,,
,,,,,,,,,,,,,,,,,,,,,,,,,,
,,,,,,,,,,,,,,,,,,,,,,,,,,
,,,,,,,,,,,,,,,,,,,,,,,,,,
,,,,,,,,,,,,,,,,,,,,,,,,,,
,,,,,,,,,,,,,,,,,,,,,,,,,,
,,,,,,,,,,,,,,,,,,,,,,,,,,
,,,,,,,,,,,,,,,,,,,,,,,,,,
,,,,,,,,,,,,,,,,,,,,,,,,,,
,,,,,,,,,,,,,,,,,,,,,,,,,,
,,,,,,,,,,,,,,,,,,,,,,,,,,
,,,,,,,,,,,,,,,,,,,,,,,,,,
,,,,,,,,,,,,,,,,,,,,,,,,,,
,,,,,,,,,,,,,,,,,,,,,,,,,,
,,,,,,,,,,,,,,,,,,,,,,,,,,
,,,,,,,,,,,,,,,,,,,,,,,,,,
,,,,,,,,,,,,,,,,,,,,,,,,,,
,,,,,,,,,,,,,,,,,,,,,,,,,,
,,,,,,,,,,,,,,,,,,,,,,,,,,
,,,,,,,,,,,,,,,,,,,,,,,,,,
,,,,,,,,,,,,,,,,,,,,,,,,,,
,,,,,,,,,,,,,,,,,,,,,,,,,,
,,,,,,,,,,,,,,,,,,,,,,,,,,
,,,,,,,,,,,,,,,,,,,,,,,,,,
,,,,,,,,,,,,,,,,,,,,,,,,,,
,,,,,,,,,,,,,,,,,,,,,,,,,,
,,,,,,,,,,,,,,,,,,,,,,,,,,
,,,,,,,,,,,,,,,,,,,,,,,,,,
,,,,,,,,,,,,,,,,,,,,,,,,,,
,,,,,,,,,,,,,,,,,,,,,,,,,,
,,,,,,,,,,,,,,,,,,,,,,,,,,
,,,,,,,,,,,,,,,,,,,,,,,,,,
,,,,,,,,,,,,,,,,,,,,,,,,,,
,,,,,,,,,,,,,,,,,,,,,,,,,,
,,,,,,,,,,,,,,,,,,,,,,,,,,
,,,,,,,,,,,,,,,,,,,,,,,,,,
,,,,,,,,,,,,,,,,,,,,,,,,,,
,,,,,,,,,,,,,,,,,,,,,,,,,,
,,,,,,,,,,,,,,,,,,,,,,,,,,
,,,,,,,,,,,,,,,,,,,,,,,,,,
,,,,,,,,,,,,,,,,,,,,,,,,,,
,,,,,,,,,,,,,,,,,,,,,,,,,,
,,,,,,,,,,,,,,,,,,,,,,,,,,
,,,,,,,,,,,,,,,,,,,,,,,,,,
,,,,,,,,,,,,,,,,,,,,,,,,,,
,,,,,,,,,,,,,,,,,,,,,,,,,,
,,,,,,,,,,,,,,,,,,,,,,,,,,
,,,,,,,,,,,,,,,,,,,,,,,,,,
,,,,,,,,,,,,,,,,,,,,,,,,,,
,,,,,,,,,,,,,,,,,,,,,,,,,,
,,,,,,,,,,,,,,,,,,,,,,,,,,
,,,,,,,,,,,,,,,,,,,,,,,,,,
,,,,,,,,,,,,,,,,,,,,,,,,,,
,,,,,,,,,,,,,,,,,,,,,,,,,,
,,,,,,,,,,,,,,,,,,,,,,,,,,
,,,,,,,,,,,,,,,,,,,,,,,,,,
,,,,,,,,,,,,,,,,,,,,,,,,,,
,,,,,,,,,,,,,,,,,,,,,,,,,,
,,,,,,,,,,,,,,,,,,,,,,,,,,
,,,,,,,,,,,,,,,,,,,,,,,,,,
,,,,,,,,,,,,,,,,,,,,,,,,,,
,,,,,,,,,,,,,,,,,,,,,,,,,,
,,,,,,,,,,,,,,,,,,,,,,,,,,
,,,,,,,,,,,,,,,,,,,,,,,,,,
,,,,,,,,,,,,,,,,,,,,,,,,,,
,,,,,,,,,,,,,,,,,,,,,,,,,,
,,,,,,,,,,,,,,,,,,,,,,,,,,
,,,,,,,,,,,,,,,,,,,,,,,,,,
,,,,,,,,,,,,,,,,,,,,,,,,,,
,,,,,,,,,,,,,,,,,,,,,,,,,,
,,,,,,,,,,,,,,,,,,,,,,,,,,
,,,,,,,,,,,,,,,,,,,,,,,,,,
,,,,,,,,,,,,,,,,,,,,,,,,,,
,,,,,,,,,,,,,,,,,,,,,,,,,,
,,,,,,,,,,,,,,,,,,,,,,,,,,
,,,,,,,,,,,,,,,,,,,,,,,,,,
,,,,,,,,,,,,,,,,,,,,,,,,,,
,,,,,,,,,,,,,,,,,,,,,,,,,,
,,,,,,,,,,,,,,,,,,,,,,,,,,
,,,,,,,,,,,,,,,,,,,,,,,,,,
,,,,,,,,,,,,,,,,,,,,,,,,,,
,,,,,,,,,,,,,,,,,,,,,,,,,,
,,,,,,,,,,,,,,,,,,,,,,,,,,
,,,,,,,,,,,,,,,,,,,,,,,,,,
,,,,,,,,,,,,,,,,,,,,,,,,,,